case,family,regime,n,k,integer_worlds,vertices,plans,unique_profiles,regret,point_regret,worst_cost_regret,box_regret,local_regret,box_claim,support_calls,expansions,root_frontier,max_frontier,states,component_frontier,component_expansions,certificate_bytes,checker_records,sql_profile_checks,sql_plan_world_checks,producer_cpu_s,checker_cpu_s,oracle_cpu_s,baseline_cpu_s,sql_cpu_s,case_cpu_s,case_wall_s,maxrss_kib,oracle_match,checker_accepted
branch-4-4-balanced-101,branch,balanced,4,4,40,12,5,3,0,0,0,0,0,0,38,10,1,1,10,1,10,1760,10,40,10,0.002328896,0.004476256,0.007824305,0.000398608,0.010456198,0.027645434,0.027659961,95148,True,True
branch-4-4-balanced-202,branch,balanced,4,4,40,12,5,3,0,0,0,0,0,0,38,10,1,1,10,1,10,1760,10,40,10,0.001025493,0.000879863,0.002723907,0.000341622,0.00735237,0.014690769,0.014710246,95404,True,True
branch-4-4-skewed-101,branch,skewed,4,4,40,12,5,5,0,0,0,0,0,0,40,10,1,1,10,1,10,1759,10,40,10,0.000938909,0.000859314,0.002159709,0.000404684,0.00408442,0.01119832,0.01122486,95532,True,True
branch-4-4-skewed-202,branch,skewed,4,4,40,12,5,5,0,0,0,0,0,0,42,10,1,1,10,1,10,1758,10,40,10,0.000750992,0.000835135,0.003026225,0.000334261,0.002992753,0.009977204,0.010010664,95660,True,True
branch-4-6-balanced-101,branch,balanced,4,6,580,20,5,3,0,0,0,0,0,0,38,10,1,1,10,1,10,1844,10,60,10,0.000954291,0.001152263,0.005153697,0.00039636,0.00515353,0.015138986,0.01516353,95788,True,True
branch-4-6-balanced-202,branch,balanced,4,6,580,20,5,3,0,0,0,0,0,0,38,10,1,1,10,1,10,1844,10,60,10,0.000939635,0.001145225,0.005049577,0.000379803,0.005896251,0.016219631,0.016244894,95788,True,True
branch-4-6-skewed-101,branch,skewed,4,6,580,20,5,5,0,0,0,0,0,12,40,10,1,1,10,2,10,1845,10,60,10,0.001104407,0.001470536,0.006570322,0.000570704,0.005800416,0.018884451,0.018935164,95916,True,True
branch-4-6-skewed-202,branch,skewed,4,6,580,20,5,5,0,0,0,0,0,0,42,10,1,1,10,2,10,1842,10,60,10,0.001205017,0.00184445,0.007949618,0.000475123,0.00553485,0.019559678,0.019572872,95916,True,True
branch-5-4-balanced-101,branch,balanced,5,4,40,12,18,7,4,4,4,4,4,4,82,25,2,2,17,2,25,3099,25,68,2,0.001525308,0.002217036,0.003661734,0.001188826,0.003432399,0.016197185,0.016236647,96172,True,True
branch-5-4-balanced-202,branch,balanced,5,4,40,12,18,7,0,0,0,0,0,0,76,25,1,1,17,1,25,3051,25,68,2,0.001513203,0.00231873,0.003153054,0.001454443,0.001920807,0.014643765,0.014673665,96172,True,True
branch-5-4-skewed-101,branch,skewed,5,4,40,12,18,18,22,22,34,22,22,36,212,31,6,6,17,6,31,3454,31,68,4,0.002296125,0.002796577,0.003904988,0.001170968,0.001979957,0.016788335,0.01682569,96172,True,True
branch-5-4-skewed-202,branch,skewed,5,4,40,12,18,18,6,6,10,12,6,38,144,30,3,3,17,4,30,3273,30,68,9,0.002611898,0.002763036,0.004340964,0.001436011,0.004916371,0.020573586,0.020610801,96300,True,True
branch-5-6-balanced-101,branch,balanced,5,6,580,20,18,7,12,12,12,12,12,12,82,25,2,2,17,2,25,3244,25,102,3,0.002221719,0.003677658,0.013564508,0.001313187,0.003723993,0.030077396,0.030122924,96300,True,True
branch-5-6-balanced-202,branch,balanced,5,6,580,20,18,7,0,0,0,0,0,0,79,25,1,1,17,2,25,3193,25,102,2,0.002113606,0.003332197,0.007775155,0.001429892,0.003243693,0.023929974,0.023984041,96300,True,True
branch-5-6-skewed-101,branch,skewed,5,6,580,20,18,18,30,30,30,30,30,66,234,30,7,7,17,9,32,3642,30,102,2,0.00286164,0.004055479,0.015252822,0.001485851,0.003434343,0.034322593,0.034367748,96428,True,True
branch-5-6-skewed-202,branch,skewed,5,6,580,20,18,18,12,12,54,12,12,60,106,27,3,3,17,6,31,3351,27,102,4,0.00236301,0.003349163,0.015602996,0.00164118,0.003813757,0.032730533,0.032765438,96428,True,True
branch-6-4-balanced-101,branch,balanced,6,4,40,12,56,17,0,0,0,0,0,0,121,44,1,1,24,1,44,4448,44,96,2,0.004608442,0.008156678,0.006808651,0.00557507,0.002435866,0.039191055,0.039220146,96556,True,True
branch-6-4-balanced-202,branch,balanced,6,4,40,12,56,19,0,0,0,0,0,0,120,44,1,1,24,2,44,4452,44,96,2,0.003961629,0.00776514,0.006684806,0.00575546,0.003676177,0.040838705,0.040880992,96556,True,True
branch-6-4-skewed-101,branch,skewed,6,4,40,12,56,56,20,20,20,20,20,24,369,65,6,6,24,7,66,5237,65,96,3,0.004620404,0.011034765,0.007220625,0.005752811,0.003503852,0.043753656,0.043826981,96556,True,True
branch-6-4-skewed-202,branch,skewed,6,4,40,12,56,56,10,10,10,10,10,24,275,63,2,4,24,3,63,4988,63,96,3,0.003846065,0.007445105,0.063787467,0.005723084,0.00390442,0.096747622,0.096799798,96556,True,True
branch-6-6-balanced-101,branch,balanced,6,6,580,20,56,17,0,0,0,0,0,0,121,44,1,1,24,1,44,4659,44,144,2,0.005221416,0.010842335,0.015333593,0.006841854,0.004157193,0.069820856,0.069858745,96556,True,True
branch-6-6-balanced-202,branch,balanced,6,6,580,20,56,19,0,0,0,0,0,0,120,44,1,1,24,2,44,4660,44,144,2,0.00654087,0.012224789,0.016266835,0.005617963,0.003643415,0.060007526,0.060040395,96556,True,True
branch-6-6-skewed-101,branch,skewed,6,6,580,20,56,56,24,24,24,24,24,54,326,60,4,4,24,10,67,5221,60,144,3,0.005162432,0.012193674,0.030878773,0.007667882,0.008750889,0.101348536,0.101411653,96556,True,True
branch-6-6-skewed-202,branch,skewed,6,6,580,20,56,56,12,12,12,12,12,12,248,56,2,2,24,4,64,5011,56,144,3,0.007106944,0.027377696,0.035250784,0.008460963,0.009705543,0.108153264,0.108320599,96556,True,True
branch-7-4-balanced-101,branch,balanced,7,4,40,12,248,68,20,28,20,20,20,20,232,88,2,2,37,5,92,7292,88,148,6,0.009711099,0.032239623,0.012843692,0.120121804,0.004548882,0.210819234,0.210865762,96812,True,True
branch-7-4-balanced-202,branch,balanced,7,4,40,12,248,68,24,24,24,24,24,24,287,92,2,2,37,5,94,7445,92,148,3,0.008889063,0.022957893,0.011147725,0.109202814,0.017137069,0.221270518,0.224268774,96940,True,True
branch-7-4-skewed-101,branch,skewed,7,4,40,12,248,248,52,70,52,52,52,64,1125,134,11,11,37,11,136,9014,134,148,6,0.009520841,0.028331972,0.019610417,0.111048017,0.012007057,0.217647709,0.217671031,96940,True,True
branch-7-4-skewed-202,branch,skewed,7,4,40,12,248,248,46,46,108,46,46,114,664,121,5,5,37,6,125,8356,121,148,6,0.018260845,0.025463699,0.051262807,0.114686159,0.017111697,0.270615349,0.270809821,96940,True,True
branch-7-6-balanced-101,branch,balanced,7,6,580,20,248,84,36,36,36,36,36,48,306,92,3,3,37,12,98,7822,92,222,3,0.00982017,0.032134017,0.051649054,0.344575172,0.017670592,0.500260022,0.500320932,96940,True,True
branch-7-6-balanced-202,branch,balanced,7,6,580,20,248,89,48,48,84,48,48,72,395,96,3,3,37,11,101,7956,96,222,6,0.011621878,0.036695563,0.056244325,0.103169334,0.008790316,0.266609226,0.266636279,96940,True,True
branch-7-6-skewed-101,branch,skewed,7,6,580,20,248,248,150,150,162,150,150,228,1300,140,12,12,37,24,165,9622,140,222,6,0.012957143,0.03247549,0.115124173,0.134287559,0.012843171,0.387065374,0.387581629,97196,True,True
branch-7-6-skewed-202,branch,skewed,7,6,580,20,248,248,84,84,150,84,84,174,947,136,8,8,37,15,153,9248,136,222,6,0.011666865,0.041156421,0.110045847,0.142280756,0.02146513,0.401439822,0.401952756,97324,True,True
commerce-303-0,commerce,unfiltered,7,4,40,12,200,6,0,0,0,0,0,0,179,77,1,1,34,1,77,6515,77,136,2,0.004609677,0.014612513,0.013463349,0.083681908,0.011664004,0.150265284,0.150603998,97452,True,True
commerce-303-1,commerce,filtered,7,4,40,12,200,80,13,13,13,13,13,68,250,81,2,2,34,2,81,6679,81,136,3,0.003919818,0.006038232,0.013902324,0.070450392,0.004199393,0.111201631,0.111248013,97452,True,True
commerce-404-0,commerce,unfiltered,7,4,40,12,200,6,0,0,0,0,0,0,179,77,1,1,34,1,77,6515,77,136,2,0.005003106,0.012260602,0.010152542,0.066607618,0.003351164,0.116923299,0.116961766,97452,True,True
commerce-404-1,commerce,filtered,7,4,40,12,200,108,14,17,17,14,16,38,720,114,4,4,34,4,114,7613,114,136,9,0.006179728,0.006404834,0.009990678,0.086974888,0.009996676,0.146490118,0.14682919,97452,True,True
commerce-505-0,commerce,unfiltered,7,4,40,12,200,6,0,0,0,0,0,0,179,77,1,1,34,1,77,6515,77,136,2,0.014676443,0.013596851,0.012862164,0.131586071,0.004088928,0.191329006,0.191433141,97452,True,True
commerce-505-1,commerce,filtered,7,4,40,12,200,110,5,8,24,8,8,56,651,114,4,4,34,4,114,7603,114,136,6,0.006159295,0.006923583,0.009786655,0.0659313,0.0035753,0.104456181,0.104518604,97452,True,True
path-4-4-balanced-101,path,balanced,4,4,40,12,5,3,0,0,0,0,0,0,37,10,1,1,10,1,10,1758,10,40,10,0.001068735,0.001129346,0.002279809,0.000330784,0.003297122,0.010156077,0.010182318,97452,True,True
path-4-4-balanced-202,path,balanced,4,4,40,12,5,3,0,0,0,0,0,0,37,10,1,1,10,1,10,1758,10,40,10,0.000817543,0.000839551,0.001984776,0.000326731,0.004877381,0.011886038,0.011905554,97452,True,True
path-4-4-skewed-101,path,skewed,4,4,40,12,5,5,10,10,10,10,10,16,44,10,2,2,10,2,10,1803,10,40,15,0.000773154,0.000996677,0.002149775,0.000363481,0.007859915,0.014063688,0.01407783,97452,True,True
path-4-4-skewed-202,path,skewed,4,4,40,12,5,5,6,6,6,6,6,10,44,10,2,2,10,2,10,1801,10,40,15,0.001001485,0.001687274,0.002277958,0.000622389,0.005928244,0.017409752,0.017426208,97452,True,True
path-4-6-balanced-101,path,balanced,4,6,580,20,5,3,0,0,0,0,0,0,37,10,1,1,10,1,10,1842,10,60,10,0.002930347,0.001558813,0.006214364,0.00051712,0.006186197,0.020271629,0.0202871,97452,True,True
path-4-6-balanced-202,path,balanced,4,6,580,20,5,3,0,0,0,0,0,0,37,10,1,1,10,1,10,1842,10,60,10,0.00101751,0.001566288,0.004975653,0.000376523,0.008211086,0.020299251,0.020324577,97452,True,True
path-4-6-skewed-101,path,skewed,4,6,580,20,5,5,24,24,24,24,24,30,44,10,2,2,10,3,10,1891,10,60,15,0.001027784,0.001152813,0.006236819,0.000457567,0.011924627,0.023671243,0.023687089,97452,True,True
path-4-6-skewed-202,path,skewed,4,6,580,20,5,5,0,0,0,0,0,12,38,10,1,1,10,2,10,1840,10,60,10,0.001007741,0.001257383,0.006574348,0.000714863,0.008575634,0.021433835,0.021450235,97452,True,True
path-5-4-balanced-101,path,balanced,5,4,40,12,14,5,0,0,0,0,0,0,60,20,1,1,15,1,20,2676,20,60,2,0.001809655,0.003199456,0.005521126,0.002224235,0.002032308,0.020041019,0.020064947,97452,True,True
path-5-4-balanced-202,path,balanced,5,4,40,12,14,5,0,0,0,0,0,0,60,20,1,1,15,1,20,2676,20,60,2,0.001629132,0.002768776,0.002946519,0.000901591,0.001930681,0.014567213,0.01456818,97452,True,True
path-5-4-skewed-101,path,skewed,5,4,40,12,14,14,16,16,16,16,16,38,91,24,2,2,15,2,24,2827,24,60,3,0.00167953,0.002728862,0.005780651,0.00115127,0.00404302,0.022103728,0.02213083,97452,True,True
path-5-4-skewed-202,path,skewed,5,4,40,12,14,14,12,12,12,12,12,12,75,21,2,2,15,2,21,2755,21,60,3,0.001796469,0.002785931,0.003445137,0.000989555,0.003324587,0.017111517,0.017139624,97452,True,True
path-5-6-balanced-101,path,balanced,5,6,580,20,14,5,0,0,0,0,0,0,60,20,1,1,15,1,20,2808,20,90,2,0.00268663,0.00414103,0.007895689,0.001152427,0.011123693,0.040117585,0.040133372,97452,True,True
path-5-6-balanced-202,path,balanced,5,6,580,20,14,5,0,0,0,0,0,0,60,20,1,1,15,1,20,2807,20,90,2,0.002770636,0.004282503,0.007363029,0.001113813,0.003059194,0.025587905,0.025589043,97452,True,True
path-5-6-skewed-101,path,skewed,5,6,580,20,14,14,54,54,54,54,54,72,93,24,2,2,15,2,24,2966,24,90,3,0.002907341,0.004701792,0.011438831,0.001308769,0.004969409,0.032043018,0.032068404,97452,True,True
path-5-6-skewed-202,path,skewed,5,6,580,20,14,14,36,36,42,36,36,54,82,22,2,2,15,2,22,2917,22,90,6,0.002379872,0.00529891,0.011925824,0.001099842,0.008509871,0.036170797,0.036186626,97452,True,True
path-6-4-balanced-101,path,balanced,6,4,40,12,42,12,0,0,0,0,0,0,98,35,1,1,21,1,35,3850,35,84,2,0.008471488,0.013474437,0.009180489,0.00387102,0.002918607,0.053487726,0.053515985,97452,True,True
path-6-4-balanced-202,path,balanced,6,4,40,12,42,12,0,0,0,0,0,0,98,35,1,1,21,1,35,3850,35,84,2,0.00342758,0.011077227,0.007727674,0.003870846,0.003218639,0.045837588,0.045856248,97452,True,True
path-6-4-skewed-101,path,skewed,6,4,40,12,42,42,2,2,2,2,2,10,139,37,3,3,21,3,38,4000,37,84,3,0.003559663,0.011067378,0.005942228,0.005236277,0.004424675,0.04424357,0.044259573,97452,True,True
path-6-4-skewed-202,path,skewed,6,4,40,12,42,42,28,28,28,28,28,46,167,41,3,3,21,4,41,4116,41,84,2,0.00382501,0.01308661,0.006294649,0.003981674,0.003936266,0.062703992,0.062723549,97452,True,True
path-6-6-balanced-101,path,balanced,6,6,580,20,42,12,0,0,0,0,0,0,98,35,1,1,21,1,35,4030,35,126,2,0.004704397,0.016995136,0.013535624,0.004914473,0.005998296,0.068698545,0.068733387,97452,True,True
path-6-6-balanced-202,path,balanced,6,6,580,20,42,12,0,0,0,0,0,0,98,35,1,1,21,1,35,4030,35,126,2,0.005948984,0.028523481,0.026129926,0.007326521,0.006672647,0.110372392,0.110436295,97452,True,True
path-6-6-skewed-101,path,skewed,6,6,580,20,42,42,54,54,54,54,54,72,162,46,2,2,21,6,47,4325,46,126,3,0.008134999,0.015464458,0.038917623,0.00433767,0.00645792,0.097383371,0.097392779,97452,True,True
path-6-6-skewed-202,path,skewed,6,6,580,20,42,42,42,42,42,42,42,96,182,46,3,3,21,4,49,4397,46,126,3,0.005847353,0.021474529,0.02804718,0.004481976,0.008791978,0.09280469,0.092919272,97452,True,True
path-7-4-balanced-101,path,balanced,7,4,40,12,132,24,0,0,0,0,0,0,144,56,1,1,28,1,56,5316,56,112,2,0.009043542,0.049267954,0.010250236,0.04282329,0.007462904,0.174366777,0.174392173,97452,True,True
path-7-4-balanced-202,path,balanced,7,4,40,12,132,24,0,0,0,0,0,0,144,56,1,1,28,1,56,5316,56,112,2,0.007579002,0.047404611,0.010688149,0.040209025,0.00825154,0.226901044,0.226927439,97452,True,True
path-7-4-skewed-101,path,skewed,7,4,40,12,132,132,46,46,46,46,46,118,255,71,3,4,28,3,76,5842,71,112,3,0.009006287,0.047912432,0.011739931,0.099132157,0.010997424,0.237473787,0.237500094,97452,True,True
path-7-4-skewed-202,path,skewed,7,4,40,12,132,122,18,18,18,24,18,66,312,82,3,4,28,5,88,6082,82,112,6,0.007893953,0.047196308,0.010069366,0.031235594,0.011720794,0.16408342,0.164097408,97452,True,True
path-7-6-balanced-101,path,balanced,7,6,580,20,132,24,0,0,0,0,0,0,144,56,1,1,28,1,56,5554,56,168,2,0.01012333,0.067325706,0.019917939,0.041337555,0.012306953,0.229752495,0.229781019,97580,True,True
path-7-6-balanced-202,path,balanced,7,6,580,20,132,24,0,0,0,0,0,0,144,56,1,1,28,1,56,5554,56,168,2,0.010380558,0.069727433,0.020986432,0.034100131,0.011549518,0.218046817,0.218084318,97580,True,True
path-7-6-skewed-101,path,skewed,7,6,580,20,132,132,36,36,36,72,36,156,255,71,3,3,28,6,95,6086,71,168,6,0.014592895,0.063874665,0.068524612,0.029775639,0.017837786,0.27653137,0.276552582,97708,True,True
path-7-6-skewed-202,path,skewed,7,6,580,20,132,132,60,78,120,78,78,168,359,86,4,4,28,7,96,6496,86,168,9,0.010866964,0.066963831,0.066444995,0.031256397,0.023432016,0.286669654,0.286709749,97708,True,True
star-4-4-balanced-101,star,balanced,4,4,40,12,6,3,12,12,12,12,12,12,46,12,2,2,11,2,12,1972,12,44,18,0.00071398,0.00073603,0.00254711,0.000406782,0.004477726,0.01052541,0.010608326,97708,True,True
star-4-4-balanced-202,star,balanced,4,4,40,12,6,3,12,12,12,12,12,20,44,12,2,2,11,2,12,1971,12,44,18,0.000677487,0.001076719,0.00376162,0.000370555,0.006136528,0.013896455,0.013911061,97708,True,True
star-4-4-skewed-101,star,skewed,4,4,40,12,6,6,12,12,12,12,12,26,83,14,4,4,11,4,14,2108,14,44,18,0.000838949,0.000987765,0.002425242,0.000378677,0.005662482,0.012251163,0.012265814,97708,True,True
star-4-4-skewed-202,star,skewed,4,4,40,12,6,6,16,16,16,16,16,30,133,15,6,6,11,6,15,2231,15,44,18,0.000951232,0.001249345,0.00310017,0.000376948,0.005937072,0.013739767,0.013774127,97708,True,True
star-4-6-balanced-101,star,balanced,4,6,580,20,6,3,12,12,12,12,12,12,55,12,3,3,11,3,12,2120,12,66,18,0.001145097,0.000955003,0.005784199,0.00051443,0.006068814,0.016759514,0.016775326,97708,True,True
star-4-6-balanced-202,star,balanced,4,6,580,20,6,3,12,12,12,12,12,36,44,12,2,2,11,2,12,2068,12,66,18,0.000875268,0.000942923,0.004990359,0.000428625,0.007611469,0.017212607,0.017235777,97708,True,True
star-4-6-skewed-101,star,skewed,4,6,580,20,6,6,12,12,12,12,12,30,65,13,3,3,11,4,14,2145,13,66,18,0.000933866,0.001064345,0.00571741,0.000426803,0.006213617,0.016607613,0.016630361,97708,True,True
star-4-6-skewed-202,star,skewed,4,6,580,20,6,6,30,30,30,30,30,60,133,15,6,6,11,6,15,2341,15,66,18,0.001130879,0.001014457,0.006050676,0.000549278,0.006572205,0.017920904,0.01793375,97708,True,True
star-5-4-balanced-101,star,balanced,5,4,40,12,24,9,0,0,0,0,0,24,92,32,1,1,20,1,32,3593,32,80,2,0.001552781,0.001661486,0.004034809,0.001714878,0.00174122,0.015520728,0.015534716,97708,True,True
star-5-4-balanced-202,star,balanced,5,4,40,12,24,10,32,36,32,36,36,40,155,35,5,5,20,5,35,3864,35,80,6,0.002029207,0.001818487,0.004238899,0.001577865,0.004376812,0.01847834,0.018489936,97708,True,True
star-5-4-skewed-101,star,skewed,5,4,40,12,24,18,0,0,0,0,0,38,223,44,1,6,20,1,44,3885,44,80,2,0.001820711,0.002258674,0.004459765,0.001507955,0.001429754,0.016118801,0.016119922,97708,True,True
star-5-4-skewed-202,star,skewed,5,4,40,12,24,22,6,6,10,10,6,42,173,44,2,2,20,2,44,3911,44,80,4,0.001839584,0.001774636,0.00380137,0.001599861,0.00180783,0.014548404,0.014561216,97708,True,True
star-5-6-balanced-101,star,balanced,5,6,580,20,24,12,24,24,48,24,24,84,155,36,4,4,20,4,36,4034,36,120,4,0.00228303,0.002477179,0.011028839,0.002382889,0.002976409,0.026182616,0.026197023,97708,True,True
star-5-6-balanced-202,star,balanced,5,6,580,20,24,12,48,48,48,48,48,108,245,38,7,7,20,8,38,4249,38,120,6,0.018558166,0.004344506,0.015486854,0.002712013,0.008260155,0.060001544,0.06001908,97708,True,True
star-5-6-skewed-101,star,skewed,5,6,580,20,24,24,24,24,24,24,24,60,384,52,6,6,20,10,59,4535,52,120,3,0.003813491,0.002958938,0.01372094,0.001680308,0.003092018,0.031677303,0.0317848,97708,True,True
star-5-6-skewed-202,star,skewed,5,6,580,20,24,24,18,18,18,24,18,72,359,55,5,6,20,8,59,4529,55,120,6,0.00293805,0.002689809,0.018073525,0.002156845,0.005583404,0.039459429,0.039483844,97708,True,True
star-6-4-balanced-101,star,balanced,6,4,40,12,120,37,12,12,12,12,12,20,386,101,4,4,37,4,101,7631,101,148,3,0.006022486,0.007053262,0.008910907,0.02106606,0.002803781,0.055620581,0.055649799,97708,True,True
star-6-4-balanced-202,star,balanced,6,4,40,12,120,33,12,12,20,12,12,84,320,100,2,3,37,2,100,7485,100,148,6,0.003954371,0.005322923,0.010881786,0.024661676,0.005394188,0.060781065,0.060783067,97708,True,True
star-6-4-skewed-101,star,skewed,6,4,40,12,120,59,12,12,12,12,12,98,1016,169,5,8,37,5,169,9249,169,148,3,0.006638296,0.005855739,0.008571251,0.01993898,0.003348782,0.05816212,0.058177318,97708,True,True
star-6-4-skewed-202,star,skewed,6,4,40,12,120,72,12,12,20,20,20,94,676,137,4,5,37,4,137,8455,137,148,9,0.006588755,0.005819672,0.008746137,0.020662746,0.00536066,0.056877535,0.056879426,97708,True,True
star-6-6-balanced-101,star,balanced,6,6,580,20,120,55,48,48,48,48,48,48,857,127,8,9,37,9,127,8955,127,222,6,0.007016248,0.006929207,0.030818503,0.024644629,0.005973806,0.091814232,0.09182806,97708,True,True
star-6-6-balanced-202,star,balanced,6,6,580,20,120,48,48,48,72,48,48,192,1266,136,12,12,37,12,140,9432,136,222,6,0.009001868,0.007170619,0.029356255,0.023513312,0.006744152,0.095920357,0.095938581,97708,True,True
star-6-6-skewed-101,star,skewed,6,6,580,20,120,96,24,24,24,48,24,126,1422,189,8,8,37,13,218,10261,189,222,6,0.009722334,0.008221351,0.047786116,0.021611937,0.005355759,0.110432418,0.110467372,97708,True,True
star-6-6-skewed-202,star,skewed,6,6,580,20,120,96,12,12,12,12,12,114,743,136,6,7,37,7,154,8933,136,222,3,0.009225203,0.007643779,0.04843573,0.023290522,0.004119523,0.106915771,0.10695611,97708,True,True
star-7-4-balanced-101,star,balanced,7,4,40,12,720,194,20,20,20,20,20,20,1581,310,5,8,70,5,310,17040,310,280,3,0.012590049,0.017178628,0.021585248,0.809976302,0.003247834,0.890320582,0.890408385,98220,True,True
star-7-4-balanced-202,star,balanced,7,4,40,12,720,260,0,0,0,0,0,12,630,228,1,5,70,1,228,14654,228,280,2,0.009212351,0.016371391,0.024200462,1.499507403,0.010354278,1.590909793,1.594379257,98604,True,True
star-7-4-skewed-101,star,skewed,7,4,40,12,720,278,12,12,12,12,12,18,5198,571,10,18,70,10,571,23605,571,280,3,0.024282582,0.021838067,0.042199864,0.861270946,0.003946152,1.015523903,1.017587712,98732,True,True
star-7-4-skewed-202,star,skewed,7,4,40,12,720,310,20,20,20,20,20,26,3870,511,7,15,70,8,525,21835,511,280,3,0.021239193,0.017899051,0.028908377,0.813932941,0.004351928,0.916393568,0.916423496,98860,True,True
star-7-6-balanced-101,star,balanced,7,6,580,20,720,222,24,24,24,24,24,24,2971,408,8,12,70,10,422,20374,408,420,3,0.021182599,0.023345506,0.120697912,0.937113455,0.006839637,1.169877084,1.169945117,98988,True,True
star-7-6-balanced-202,star,balanced,7,6,580,20,720,300,12,12,12,12,12,36,4536,432,2,40,70,27,496,21003,432,420,2,0.043912328,0.023940143,0.173500729,1.007642483,0.003102284,1.315278042,1.315331577,99116,True,True
star-7-6-skewed-101,star,skewed,7,6,580,20,720,314,36,36,36,36,36,36,13480,748,21,23,70,37,891,29923,748,420,6,0.089605955,0.025889166,0.192607925,1.179172218,0.005630749,1.615810631,1.615921159,99244,True,True
star-7-6-skewed-202,star,skewed,7,6,580,20,720,350,18,18,18,18,18,36,6752,628,6,25,70,8,704,25552,628,420,3,0.059175929,0.031570233,0.224534741,1.209227908,0.006396654,1.618165937,1.618241296,99500,True,True
