case,query_id,source_path,source_blob_sha,n,k,regime,seed,equality_predicates,transitive_equalities_removed,regret,checker_accepted,oracle_match,input_bytes,certificate_bytes,root_frontier,states,expansions,plan_count,unique_profiles,producer_cpu_seconds,checker_cpu_seconds,oracle_cpu_seconds,checker_result
job-3b-4-4-balanced-313,3b,3b.sql,d50d14a72a5396d157ba52f3e80bfeb11d2e407d,4,4,balanced,313,4,1,0,True,True,882,1767,1,10,10,5,3,0.000597190,0.001008843,0.001842074,"{""accepted"":true,""containment_masks"":10,""coverage_records"":10,""regret"":0,""root_frontier"":1,""template_assignments"":688}"
job-3b-4-4-balanced-919,3b,3b.sql,d50d14a72a5396d157ba52f3e80bfeb11d2e407d,4,4,balanced,919,4,1,0,True,True,882,1767,1,10,10,5,3,0.000552172,0.000778159,0.001484501,"{""accepted"":true,""containment_masks"":10,""coverage_records"":10,""regret"":0,""root_frontier"":1,""template_assignments"":688}"
job-3b-4-4-skewed-313,3b,3b.sql,d50d14a72a5396d157ba52f3e80bfeb11d2e407d,4,4,skewed,313,4,1,2,True,True,878,1813,2,10,10,5,5,0.000580234,0.000667574,0.001638931,"{""accepted"":true,""containment_masks"":10,""coverage_records"":10,""regret"":2,""root_frontier"":2,""template_assignments"":688}"
job-3b-4-4-skewed-919,3b,3b.sql,d50d14a72a5396d157ba52f3e80bfeb11d2e407d,4,4,skewed,919,4,1,2,True,True,878,1812,2,10,10,5,5,0.000602157,0.000706362,0.001606072,"{""accepted"":true,""containment_masks"":10,""coverage_records"":10,""regret"":2,""root_frontier"":2,""template_assignments"":688}"
job-6a-5-4-balanced-313,6a,6a.sql,dacef7c09503a4dbd254faefd09e54b70471272c,5,4,balanced,313,6,2,0,True,True,1120,2682,1,15,20,14,5,0.001265315,0.002050564,0.002165025,"{""accepted"":true,""containment_masks"":15,""coverage_records"":20,""regret"":0,""root_frontier"":1,""template_assignments"":2816}"
job-6a-5-4-balanced-919,6a,6a.sql,dacef7c09503a4dbd254faefd09e54b70471272c,5,4,balanced,919,6,2,0,True,True,1120,2682,1,15,20,14,5,0.001391712,0.002114409,0.002562796,"{""accepted"":true,""containment_masks"":15,""coverage_records"":20,""regret"":0,""root_frontier"":1,""template_assignments"":2816}"
job-6a-5-4-skewed-313,6a,6a.sql,dacef7c09503a4dbd254faefd09e54b70471272c,5,4,skewed,313,6,2,14,True,True,1116,2851,3,15,23,14,14,0.001199677,0.002082721,0.002450379,"{""accepted"":true,""containment_masks"":15,""coverage_records"":23,""regret"":14,""root_frontier"":3,""template_assignments"":2816}"
job-6a-5-4-skewed-919,6a,6a.sql,dacef7c09503a4dbd254faefd09e54b70471272c,5,4,skewed,919,6,2,16,True,True,1116,2795,2,15,22,14,14,0.001318374,0.001980980,0.002291662,"{""accepted"":true,""containment_masks"":15,""coverage_records"":22,""regret"":16,""root_frontier"":2,""template_assignments"":2816}"
job-17a-6-4-balanced-313,17a,17a.sql,2db3358db1c08182ec8fb1c9c3719ec0b4e6b23a,6,4,balanced,313,6,1,0,True,True,1360,3870,1,21,35,42,12,0.004668663,0.007067155,0.003706069,"{""accepted"":true,""containment_masks"":21,""coverage_records"":35,""regret"":0,""root_frontier"":1,""template_assignments"":11344}"
job-17a-6-4-balanced-919,17a,17a.sql,2db3358db1c08182ec8fb1c9c3719ec0b4e6b23a,6,4,balanced,919,6,1,0,True,True,1360,3870,1,21,35,42,12,0.002546252,0.007183829,0.003190291,"{""accepted"":true,""containment_masks"":21,""coverage_records"":35,""regret"":0,""root_frontier"":1,""template_assignments"":11344}"
job-17a-6-4-skewed-313,17a,17a.sql,2db3358db1c08182ec8fb1c9c3719ec0b4e6b23a,6,4,skewed,313,6,1,12,True,True,1356,4059,2,21,41,42,42,0.002336129,0.008631665,0.004506386,"{""accepted"":true,""containment_masks"":21,""coverage_records"":41,""regret"":12,""root_frontier"":2,""template_assignments"":11344}"
job-17a-6-4-skewed-919,17a,17a.sql,2db3358db1c08182ec8fb1c9c3719ec0b4e6b23a,6,4,skewed,919,6,1,2,True,True,1356,4058,2,21,41,42,42,0.002529347,0.007289226,0.003917835,"{""accepted"":true,""containment_masks"":21,""coverage_records"":41,""regret"":2,""root_frontier"":2,""template_assignments"":11344}"
job-18a-7-4-balanced-313,18a,18a.sql,edd21f3f8a34135d18894301350d8a2978362e43,7,4,balanced,313,8,2,0,True,True,1534,7052,1,36,84,222,14,0.006225221,0.022437124,0.006571446,"{""accepted"":true,""containment_masks"":36,""coverage_records"":84,""regret"":0,""root_frontier"":1,""template_assignments"":35320}"
job-18a-7-4-balanced-919,18a,18a.sql,edd21f3f8a34135d18894301350d8a2978362e43,7,4,balanced,919,8,2,0,True,True,1534,7052,1,36,84,222,14,0.005825445,0.022291568,0.006355475,"{""accepted"":true,""containment_masks"":36,""coverage_records"":84,""regret"":0,""root_frontier"":1,""template_assignments"":35320}"
job-18a-7-4-skewed-313,18a,18a.sql,edd21f3f8a34135d18894301350d8a2978362e43,7,4,skewed,313,8,2,22,True,True,1530,8711,6,36,139,222,222,0.006324779,0.022664342,0.010030508,"{""accepted"":true,""containment_masks"":36,""coverage_records"":139,""regret"":22,""root_frontier"":6,""template_assignments"":35320}"
job-18a-7-4-skewed-919,18a,18a.sql,edd21f3f8a34135d18894301350d8a2978362e43,7,4,skewed,919,8,2,36,True,True,1530,8098,4,36,118,222,222,0.007169998,0.021787437,0.010358406,"{""accepted"":true,""containment_masks"":36,""coverage_records"":118,""regret"":36,""root_frontier"":4,""template_assignments"":35320}"
job-16a-8-4-balanced-313,16a,16a.sql,7ce0bb06ff831a2d374cda183efb718c086f1b6f,8,4,balanced,313,10,3,0,True,True,1772,9999,1,48,132,794,41,0.012216864,0.090592703,0.045483856,"{""accepted"":true,""containment_masks"":48,""coverage_records"":132,""regret"":0,""root_frontier"":1,""template_assignments"":143688}"
job-16a-8-4-balanced-919,16a,16a.sql,7ce0bb06ff831a2d374cda183efb718c086f1b6f,8,4,balanced,919,10,3,0,True,True,1772,9999,1,48,132,794,41,0.012386716,0.091540245,0.011303043,"{""accepted"":true,""containment_masks"":48,""coverage_records"":132,""regret"":0,""root_frontier"":1,""template_assignments"":143688}"
job-16a-8-4-skewed-313,16a,16a.sql,7ce0bb06ff831a2d374cda183efb718c086f1b6f,8,4,skewed,313,10,3,24,True,True,1768,11864,2,48,208,794,794,0.014475978,0.089954614,0.024834715,"{""accepted"":true,""containment_masks"":48,""coverage_records"":208,""regret"":24,""root_frontier"":2,""template_assignments"":143688}"
job-16a-8-4-skewed-919,16a,16a.sql,7ce0bb06ff831a2d374cda183efb718c086f1b6f,8,4,skewed,919,10,3,16,True,True,1768,11615,2,48,198,794,788,0.012147210,0.087012752,0.024317775,"{""accepted"":true,""containment_masks"":48,""coverage_records"":198,""regret"":16,""root_frontier"":2,""template_assignments"":143688}"
