claim_id,claim,assumptions,theorem_or_lemma,proof_or_checker,source_or_test,experiment,figure_or_table,raw_result,maturity,fresh_recheck,boundary
C01,Connected subquery cardinalities are linear and realizable for every feasible isolated-template world,Literal isolated-copy tree/bag contract; join-key equality semantics,lem:realize; thm:membership,docs/proofs.md sections 1-2; checker.py; attest.py,src/oracle.py; src/sqlcheck.py; attestation campaign SQLite oracle,102 plan inputs; 306 materialized snapshots,Model,inputs/*.json; results/campaign/cases.csv; results/attestation/summary.json,written-proof; finite-checked,Clean reproduction: 12816 template-profile and 7812 snapshot-profile SQLite checks,Membership verifies a supplied decomposition; no automatic template discovery
C02,Threshold inequality bounds all feasible real worlds,Bounded intervals plus shared total,lem:weak,docs/proofs.md section 4; checker.py upper,tests/test_certificate.py SupportTests,83150 bounded cases,Equation threshold,results/reproduction/unittest.txt,written-proof; finite-checked,68 test methods passed in retained and fresh traceable runs; exact-support sweep remained 83150 cases,Checker implementation is not mechanically verified
C03,Integral witness and scalar threshold attain exact support,Integer feasible bounded-mass data,lem:attain,docs/proofs.md section 4; src/model.py support,SupportTests; controls.py,83150 support cases; 18 edge contracts,Support section,results/controls/controls.json,written-proof; finite-checked,Clean tests and controls agree,Not arbitrary correlated polytope support
C04,Connected marginal intervals are tight,C01-C03,lem:realize; lem:attain,checker.py containment,SQLite-profile oracle,102 instances,Worked-instance table,results/campaign/certificates/*.json,written-proof; finite-checked,102 exact certificate matches after clean run,Marginal endpoints need not co-occur
C05,Uniform local expansion coverage covers all legal plans,State-only additive output cost; complete split/product coverage,thm:closure,docs/proofs.md section 6; checker.py,Independent subset reconstruction; missing-coverage tests,102 primary cases,fig:certificate,results/reproduction/comparison.json,written-proof; finite-checked,Complete direct coverage plus 37 plan-certificate rejection-oriented methods checked,No physical properties or Cartesian intermediates
C06,Retained and full pointwise oracle agree,Uniform cover and subset of legal plans,lem:oracle,docs/proofs.md section 6,src/oracle.py exhaustive plans,102 primary cases,Root proof,results/campaign/cases.csv,written-proof; finite-checked,All exact minima agree,Pointwise envelope alone does not preserve candidates
C07,Accepted plan packet proves globally minimum additive regret for the declared family,All model/containment/closure/root obligations; family supplied independently,thm:sound,docs/proofs.md sections 6-7; checker.py verify,Exhaustive plan/world oracle,102 primary cases,Abstract; Results,results/reproduction/comparison.json,written-proof; finite-checked,"102 minima, certificates and detail objects reproduced",Family-conditional abstract cost; snapshot applicability requires C29 and C32
C08,Certificate format is finite-complete without admission limits,Finite query/templates; feasible integer contract,thm:complete,docs/proofs.md section 9,Retain-all construction,Written argument,Completeness section,docs/proofs.md,written-proof,Proof checked against actual field obligations,No polynomial certificate/frontier guarantee
C09,Independent cardinality-box regret is a conservative bound,Same legal plans; sound intervals; common states cancel,prop:box,docs/proofs.md section 5; src/baselines.py,summarize.py box_bound_checks,102 primary cases,tab:baseline,results/summary/summary.json,written-proof; finite-checked,102 own-box-bound checks pass,Conservative minimizer can differ from true minimax
C10,Nested contract cannot increase fixed-plan regret,Same query/templates; nonempty uncertainty subset,Refinement subsection,docs/proofs.md section 5,Set-inclusion argument and two-world hedge,Written argument,Refinement subsection,results/controls/pointwise-cover-input.json,written-proof,Direct two-world calculation agrees,Old lower witnesses and exactness can fail
C11,Pairwise counts do not determine triple count,Three-way inner bag join,Pairwise control,docs/proofs.md section 10; controls.py,SQLite literal diagonal/off-diagonal data,Two databases,Shortcuts section,results/controls/controls.json,finite-counterexample,Controls reproduced exactly except observations,Does not preclude conservative bounds
C12,Pointwise envelope cover can lose a realizable minimax hedge,Deterministic plans; two-template contract,Realized hedge argument,docs/proofs.md section 10; controls.py,Six plans in both worlds,12 complete plan/world bag checks,fig:hedge; tab:hedge,results/controls/pointwise-cover-input.json; results/controls/controls.json,written-counterexample; finite-checked,"Costs (6,14),(10,10),(14,6), regrets 8,4,8 reproduced",No claim about unread coreset guarantees or randomized plans
C13,One local minimax winner per state is unsafe,Six-alias star; 40 integer worlds,Finite local counterexample,controls.py; src/oracle.py,120 plans x 40 worlds,4800 bag comparisons,Shortcuts; controls,results/controls/local-pruning-input.json; results/controls/controls.json,finite-counterexample,Global 36 versus local 44 reproduced,Does not estimate prevalence
C14,A supplied two-copy snapshot is rejected against an unchanged N=1 contract while the plan-only certificate still accepts the declared family,Declared shared total one; supplied snapshot and mapping contain two isolated copies,Membership boundary and drift control,attest.py; verify_chain.py; controls.py; tests/test_chain.py,"Saved declared input, plan certificate, two-copy snapshot, mapping, and labeled rejection record","One constructed end-to-end drift case, separate from the 2754 campaign mutations",Results controls,results/controls/drift-declared-input.json; results/controls/drift-two-copy.snapshot.json; results/controls/drift-two-copy.attestation.json; results/controls/drift-rejections.json,finite-counterexample; finite-checked,Plan-only accepted; membership and chain rejected shared-total mismatch; not counted in campaign mutations,Snapshot-specific boundary control; no prediction or incremental-maintenance claim
C15,All 102 frozen instances pass checker and exact oracle,96 factorial plus six tiny commerce cases,Not a general theorem,reproduce.py; compare_results.py,No outcome-based exclusions,102 cases,Results,results/campaign/cases.csv; results/reproduction/comparison.json,measured; finite-checked,102 scientific rows/certificates/details exactly match,Generated suite is not JOB or TPC-H
C16,Six point improvements and 96 ties,Regret measured under declared joint contract,Exact minimax theorem plus measured counts,summarize.py,Same-model point baseline,102 cases,tab:baseline,results/summary/summary.json,measured,Original and clean scientific fields agree,Not physical performance
C17,Worst-cost 16 improvements; box 10; local 5,Same cost/plan universe and deterministic tie rules,Not a population claim,summarize.py,Same-model policies,102 cases,tab:baseline,results/summary/summary.json,measured,No negative optimality gap; exact comparison,No upstream optimizer implementation was run
C18,37 cases have zero optimum regret,Frozen suite,Not a general theorem,summarize.py,Full-case aggregation,102 cases,Results; tab:family; tab:regime,results/summary/summary.json,measured,Clean scientific fields agree,"Weak discrimination is reported, not removed"
C19,Packet bytes 1758..29923; median 4182.5,Compact JSON serialization; input templates excluded,Not asymptotic claim,reproduce.py; summarize.py,Stored packet byte count,102 cases,tab:family,results/campaign/certificates/*.json; results/summary/summary.json,measured,Canonical certificate objects exactly reproduced,Full serialized trees; not globally minimal packets
C20,Root frontier 1..21 and smaller than component pruning in 39 cases,Observed suite and specified producer,Not universal monotonicity theorem,summarize.py,Componentwise-dominance ablation,102 cases,fig:frontiers,results/summary/frontiers.dat,measured,Same optimum and exact frontier counts after clean run,Exponential worst case remains
C21,Checker is slower in 80 of 102 original observations,Single process-CPU observations,Not speedup theorem,reproduce.py; summarize.py,Original complete run,102 timings,fig:timings,results/summary/timings.dat; results/campaign/cases.csv,measured,Original observation inputs retained; clean timings differ,No latency guarantee or repeated-performance study
C22,12816 SQLite template counts and 607 primary plan/world bag comparisons validate the plan campaign,Designated plan/world sampling protocol,Not full exhaustive bag checking,src/oracle.py; src/sqlcheck.py,Frozen all-state profile and selected-plan checks,102 cases,Results,results/campaign/cases.csv,finite-checked,Counts reproduced from clean extraction; snapshot SQL checks are recorded separately in C30,Bag materialization shared with interpreter
C23,"Fifty-nine malformed or semantically false packet, composition, or topology-interface cases are rejected by the traceable regression suite",Enumerated test cases only,Not program verification,tests/test_certificate.py; tests/test_attestation.py; tests/test_chain.py; tests/test_job_topologies.py; test_protocol.py,"68 discovered methods mapped to source lines, areas, orientations, and inputs","38 plan, 18 membership, 2 composition, and 1 topology-interface rejection; 9 other methods; independent crosscheck covers 36 contracts",Results controls,results/tests/unittest.txt; results/tests/inventory.json; results/tests/summary.json; results/regression-summary.json,finite-checked,Retained and fresh logs report 68/68 passed; inventories and summaries match exactly,Finite mutations do not exhaust malicious inputs or verify the interpreter
C24,Original primary CPU sum 18.024827583 s; RSS peak 99500 KiB,Per-case original process observations,Not whole-campaign total,reproduce.py,CSV observation aggregation,Original 102 cases,Results methods,results/resource-accounting.json,measured,Original observations retained separately from clean run,Resource accounting gaps explicitly retained
C25,Fresh outputs reproduce all retained non-observational core and interface evidence,Supplied generators and the same declared semantics; distinct retained and fresh directories,Not all-platform byte promise,full_reproduction.py; compare_results.py; compare_attestation.py; compare_tests.py; compare_topology.py; validate_reproduction.py,"Plan, membership, test-inventory, overhead, topology, exact input/control/summary/frontier, and worked-certificate comparisons",102 core inputs and plan cases; 306 membership rows; 68 tests; 20 auxiliary topology cases; nine exact control packet files,Artifact README,results/reproduction/semantic-comparison.json; results/reproduction/test-comparison.json; results/reproduction/topology-comparison.json,finite-reproduction-check,"Default full reproduction completed all stages; core, test, overhead, topology, and chain comparisons passed",Timing and RSS excluded; no cross-platform byte promise
C26,Worked root thresholds fail for declarations 11 and 13,Four-template balanced worked instance,thm:sound obligations,checker.py verify,Actual packet mutation,Two additional diagnostic invocations,Worked example; failure localization,results/reproduction/semantic-comparison.json,finite-checked,Upper and lower rejection reasons recorded; separate from the 68 regression methods,Separate from the 68 regression methods
C27,Accessible closest-work evidence does not establish a priority or subsumption claim,EXPAND full text; 2026 coreset abstract/metadata and snippets only; conformal arXiv abstract,No novelty theorem,docs/literature.json; research-plan.md,Calibration entries; external_resources.csv; public-repository search,Literature comparison,Related work,docs/literature.json; external_resources.csv,evidence-limited external-readiness hold,"No priority, coreset-size, approximation, or theorem-level subsumption assertion appears",Lawful full-text audit and expert originality review remain outside this run
C28,Membership checks a supplied current-snapshot decomposition but does not discover or incrementally maintain the contract,Join-key snapshot plus provenance-style row assignment is supplied,thm:membership scope boundary,docs/proofs.md sections 2 and 11; attest.py,README and protocol boundary; rejection after changed total,306 snapshots; one drift control,Model; limitations,results/attestation/summary.json; results/controls/controls.json,proved-inside-model; unsupported-outside-model,Paper and repository distinguish verification from discovery/authentication/maintenance; saved two-copy control is rejected by membership and composition,"No arbitrary-database decomposition, transactional capture, provenance authentication, or runtime claim"
C29,"Accepted membership packet proves bag-isomorphism to one feasible isolated-template world, and every constructed world has a packet",Exact join-key snapshot; complete row-occurrence mapping; isolated per-copy edge namespaces,thm:membership,docs/proofs.md section 2; attest.py,tests/test_attestation.py; SQLite snapshot profiles,306 snapshots spanning 102 contracts,fig:certificate; Model; Certificate,results/attestation/summary.json; results/attestation/cases.csv,written-proof; finite-checked,306/306 accepted; 2106 copies and 33204 rows exactly covered,Nonjoin columns and predicates are outside the attested semantics
C30,Every attested snapshot has the declared connected-subquery profile,Accepted packet and declared tree query,thm:membership linear-profile consequence,attest.py plus independent SQLite oracle in attestation_campaign.py,All connected masks of every retained snapshot,306 snapshots,Attestation results table,results/attestation/summary.json; results/attestation/cases.csv,written-proof; finite-checked,7812/7812 SQLite counts match H_S dot w,Finite snapshots generated from retained templates; not production workload breadth
C31,All 2754 attempted corrupted membership packets or snapshots are rejected,Nine deterministic mutation classes applied once per retained snapshot,Not a completeness theorem for attacks,attest.py; attestation_campaign.py,duplicate/uncovered/schema/count/instance/namespace/injectivity/consistency mutations,306 snapshots x 9 mutations,Negative-control paragraph,results/attestation/negative-controls.json; results/attestation/summary.json,finite-negative-control,"2754 attempted, 2754 rejected, 0 skipped",Does not prove parser or checker implementation correct for all adversarial inputs
C32,Accepting membership and plan packets on the same input bounds realized snapshot regret by the certified global minimax value,C07 and C29; same declared instance; abstract additive cost,cor:endtoend,docs/proofs.md section 8; verify_chain.py,Independent enumeration of actual snapshot plan costs,306 composed chains,Abstract; Certificate; Attestation results,results/attestation/summary.json; results/attestation/cases.csv,written-proof; finite-checked,306/306 chains accepted and bounds held; 126 bounds tight,"No wall-clock latency, future snapshot, or physical-plan guarantee"
C33,All admitted JSON object types use closed schemas and exact integer typing,32 MiB document budget; documented required/optional fields,Input-language admission boundary,checker.py and attest.py object_shape/load/integer routines,"extra/missing field, top-level array, duplicate-key, boolean/float/null tests",Strict parser/schema rejection methods traced in the 68-method inventory,Protocol text,results/tests/unittest.txt; results/tests/inventory.json; docs/certificate-format.md,implemented; finite-checked,All strict-schema regressions passed in retained and fresh 68-method runs,JSON validity and schema admission are checked; files are not cryptographically authenticated
C34,A separately written small-instance oracle agrees with the optimizer and both plan-checking paths,Tree queries with 3--5 aliases; 2--4 templates; explicitly enumerated bounded integer worlds and binary plans,Independent finite crosscheck,tests/test_crosscheck.py; checker.py; src/optimizer.py,SQLite connected-subquery counts plus independent full-plan/full-world recursion,36 deterministic contracts not drawn from the frozen 102-case campaign files,Experimental protocol text,results/tests/unittest.txt; results/tests/inventory.json; results/regression-summary.json,finite-checked,"36/36 optimizer, checker, and separately written oracle outputs agree within retained and fresh 68-method runs",Finite crosscheck is not mechanized proof and uses the same declared abstract cost model
C35,The default topology-interface route is serialization-safe and reproducible on 20 pinned tree-topology cases,Topology provenance only; synthetic literal templates; 4--8 aliases; bounded exact oracle,Auxiliary interface evidence; not a theorem or primary workload claim,src/generate.py make_tree; src/oracle_json.py; topology_campaign.py; compare_topology.py,tests/test_job_topologies.py; retained source manifest and distinct fresh run,"Five pinned public SQL equality trees times two regimes and two seeds; 20 inputs, certificates, and oracle packets",Section 7.5; supplemental serialization details,results/topology/source-manifest.json; results/topology/cases.csv; results/topology/summary.json; results/reproduction/topology-comparison.json,finite-checked; reproduced,All 20 checker/oracle cases pass; oracle round trip and retained/fresh semantic comparison pass,"Excluded from 102/306 core totals; no JOB data, selectivity, or runtime result"
C36,Finite representation invariance and refinement match exhaustive minimax oracle,32 fixed seeds; 3--5 aliases; nonuniform bounded-mass worlds; five bijections and one refinement,Finite checks of representation equivalence and W-subset monotonicity,invariance_campaign.py; checker.py; src/oracle.py,docs/invariance-protocol.md,32 related base groups; 224 executions; 7539 SQL profiles,Section 7.5 and supplement,results/invariance/summary.json; results/invariance/cases.json; results/invariance/inputs; results/invariance/certificates; results/invariance/oracles,finite-checked; reproduced,224 oracle matches and 224 expected relations; 4 nonzero base optima; 4 strict refinements,Not 224 independent workloads; excludes membership and physical runtime
C37,Source-linked bibliography identity and citation closure; evidence transfer adapters reject selected corruptions,64 curated references; 54 DOI-bearing; metadata/abstract/selected/full reading depths distinct,No new theorem; offline consistency gate,audit_bibliography.py; audit_test_protocol.py; invariance_campaign.py --compare,audit_tests/test_bibliography.py; audit_tests/test_invariance.py,29 separately inventoried methods; 25 bibliography and 4 comparison tests,Related work and supplement,results/bibliography-audit.json; docs/citation_evidence.json; results/audit-tests,implemented; finite-checked,29 passed; zero failures errors skips; all 64 references used,Does not authenticate websites or establish historical priority; separate from 68 science methods
