name,url,license,access_date,resource_type,acquisition_method,integration_mode,supported_claim,internals_modified
Access Path Selection in a Relational Database Management System,https://doi.org/10.1145/582095.582099,Publisher/author copyright; not redistributed,2026-09-16,Scholarly article,Publisher/DOI/DBLP bibliographic metadata verification; cited only for a narrow background proposition,Citation and literature comparison only; no code/data integration,Related-work or foundational boundary; selinger,No
Algorithms for Acyclic Database Schemes,https://dblp.org/rec/conf/vldb/Yannakakis81,Publisher/author copyright; not redistributed,2026-09-16,Scholarly article,Publisher/DOI/DBLP bibliographic metadata verification; cited only for a narrow background proposition,Citation and literature comparison only; no code/data integration,Related-work or foundational boundary; yannakakis,No
Selectivity Estimation Without the Attribute Value Independence Assumption,https://dblp.org/rec/conf/vldb/PoosalaI97,Publisher/author copyright; not redistributed,2026-09-16,Scholarly article,Publisher/DOI/DBLP bibliographic metadata verification; cited only for a narrow background proposition,Citation and literature comparison only; no code/data integration,Related-work or foundational boundary; poosala,No
Parametric Query Optimization,https://doi.org/10.1007/s007780050037,Publisher/author copyright; not redistributed,2026-09-16,Scholarly article,Publisher/DOI/DBLP bibliographic metadata verification; cited only for a narrow background proposition,Citation and literature comparison only; no code/data integration,Related-work or foundational boundary; parametric,No
Robust Query Processing through Progressive Optimization,https://doi.org/10.1145/1007568.1007642,Publisher/author copyright; not redistributed,2026-09-16,Scholarly article,Publisher/DOI/DBLP bibliographic metadata verification; cited only for a narrow background proposition,Citation and literature comparison only; no code/data integration,Related-work or foundational boundary; progressive,No
Analyzing Plan Diagrams of Database Query Optimizers,https://dblp.org/rec/conf/vldb/ReddyH05,Publisher/author copyright; not redistributed,2026-09-16,Scholarly article,Publisher/DOI/DBLP bibliographic metadata verification; cited only for a narrow background proposition,Citation and literature comparison only; no code/data integration,Related-work or foundational boundary; plandiagrams,No
Towards a Robust Query Optimizer: A Principled and Practical Approach,https://www.cs.cmu.edu/~natassa/courses/15-823/F02/papers/p119-babcock.pdf,Publisher/author copyright; not redistributed,2026-09-16,Scholarly article,Primary full-paper visual/text calibration reading,Citation and literature comparison only; no code/data integration,Related-work or foundational boundary; babcock,No
Analysis of Two Existing and One New Dynamic Programming Algorithm for the Generation of Optimal Bushy Join Trees without Cross Products,https://dblp.org/rec/conf/vldb/MoerkotteN06,Publisher/author copyright; not redistributed,2026-09-16,Scholarly article,Publisher/DOI/DBLP bibliographic metadata verification; cited only for a narrow background proposition,Citation and literature comparison only; no code/data integration,Related-work or foundational boundary; moerkotte2006,No
Dynamic Programming Strikes Back,https://doi.org/10.1145/1376616.1376672,Publisher/author copyright; not redistributed,2026-09-16,Scholarly article,Publisher/DOI/DBLP bibliographic metadata verification; cited only for a narrow background proposition,Citation and literature comparison only; no code/data integration,Related-work or foundational boundary; dpstrikes,No
"How Good Are Query Optimizers, Really?",https://www.vldb.org/pvldb/vol9/p204-leis.pdf,Publisher/author copyright; not redistributed,2026-09-16,Scholarly article,Primary full-paper visual/text calibration reading,Citation and literature comparison only; no code/data integration,Related-work or foundational boundary; job,No
Preventing Bad Plans by Bounding the Impact of Cardinality Estimation Errors,https://www.vldb.org/pvldb/vol2/vldb09-657.pdf,Publisher/author copyright; not redistributed,2026-09-16,Scholarly article,Primary full-paper visual/text calibration reading,Citation and literature comparison only; no code/data integration,Related-work or foundational boundary; qerror,No
On the Stability of Plan Costs and the Costs of Plan Stability,https://vldb.org/pvldb/vol3/R101.pdf,Publisher/author copyright; not redistributed,2026-09-16,Scholarly article,Primary full-paper visual/text calibration reading,Citation and literature comparison only; no code/data integration,Related-work or foundational boundary; expand,No
Counter Strike: Generic Top-Down Join Enumeration for Hypergraphs,https://www.vldb.org/pvldb/vol6/p1822-fender.pdf,Publisher/author copyright; not redistributed,2026-09-16,Scholarly article,Primary full-paper visual/text calibration reading,Citation and literature comparison only; no code/data integration,Related-work or foundational boundary; counter,No
Plan Bouquets: Query Processing without Selectivity Estimation,https://doi.org/10.1145/2588555.2588566,Publisher/author copyright; not redistributed,2026-09-16,Scholarly article,Publisher/DOI/DBLP bibliographic metadata verification; cited only for a narrow background proposition,Citation and literature comparison only; no code/data integration,Related-work or foundational boundary; planbouquets,No
Uncertainty Aware Query Execution Time Prediction,https://www.vldb.org/pvldb/vol7/p1857-wu.pdf,Publisher/author copyright; not redistributed,2026-09-16,Scholarly article,Primary full-paper visual/text calibration reading,Citation and literature comparison only; no code/data integration,Related-work or foundational boundary; uncertainty,No
Exploiting Soft and Hard Correlations in Big Data Query Optimization,https://www.vldb.org/pvldb/vol9/p1005-liu.pdf,Publisher/author copyright; not redistributed,2026-09-16,Scholarly article,Primary full-paper visual/text calibration reading,Citation and literature comparison only; no code/data integration,Related-work or foundational boundary; exord,No
Looking Ahead Makes Query Plans Robust: Making the Initial Case with In-memory Star Schema Data Warehouse Workloads,https://www.vldb.org/pvldb/vol10/p889-zhu.pdf,Publisher/author copyright; not redistributed,2026-09-16,Scholarly article,Primary full-paper visual/text calibration reading,Citation and literature comparison only; no code/data integration,Related-work or foundational boundary; lip,No
Robustness Metrics for Relational Query Execution Plans,https://www.vldb.org/pvldb/vol11/p1360-wolf.pdf,Publisher/author copyright; not redistributed,2026-09-16,Scholarly article,Primary full-paper visual/text calibration reading,Citation and literature comparison only; no code/data integration,Related-work or foundational boundary; metrics,No
Plan Stitch: Harnessing the Best of Many Plans,https://www.vldb.org/pvldb/vol11/p1123-ding.pdf,Publisher/author copyright; not redistributed,2026-09-16,Scholarly article,Primary full-paper visual/text calibration reading,Citation and literature comparison only; no code/data integration,Related-work or foundational boundary; stitch,No
Pessimistic Cardinality Estimation: Tighter Upper Bounds for Intermediate Join Cardinalities,https://homes.cs.washington.edu/~suciu/sigmod-2019-pessimistic.pdf,Publisher/author copyright; not redistributed,2026-09-16,Scholarly article,Primary full-paper visual/text calibration reading,Citation and literature comparison only; no code/data integration,Related-work or foundational boundary; pessimistic,No
Simplicity Done Right for Join Ordering,https://www.cidrdb.org/cidr2021/papers/cidr2021_paper01.pdf,Publisher/author copyright; not redistributed,2026-09-16,Scholarly article,Primary full-paper visual/text calibration reading,Citation and literature comparison only; no code/data integration,Related-work or foundational boundary; simplicity,No
"FLAT: Fast, Lightweight and Accurate Method for Cardinality Estimation",https://kai-zeng.github.io/papers/FLAT.pdf,Publisher/author copyright; not redistributed,2026-09-16,Scholarly article,Primary full-paper visual/text calibration reading,Citation and literature comparison only; no code/data integration,Related-work or foundational boundary; flat,No
SafeBound: A Practical System for Generating Cardinality Bounds,https://doi.org/10.1145/3588907,Publisher/author copyright; not redistributed,2026-09-16,Scholarly article,Publisher/DOI/DBLP bibliographic metadata verification; cited only for a narrow background proposition,Citation and literature comparison only; no code/data integration,Related-work or foundational boundary; safebound,No
Kepler: Robust Learning for Faster Parametric Query Optimization,https://doi.org/10.1145/3588963,Publisher/author copyright; not redistributed,2026-09-16,Scholarly article,Publisher/DOI/DBLP bibliographic metadata verification; cited only for a narrow background proposition,Citation and literature comparison only; no code/data integration,Related-work or foundational boundary; kepler,No
ROME: Robust Query Optimization via Parallel Multi-Plan Execution,https://doi.org/10.1145/3654973,Publisher/author copyright; not redistributed,2026-09-16,Scholarly article,Publisher/DOI/DBLP bibliographic metadata verification; cited only for a narrow background proposition,Citation and literature comparison only; no code/data integration,Related-work or foundational boundary; rome,No
PARQO: Penalty-Aware Robust Plan Selection in Query Optimization,https://www.vldb.org/pvldb/vol17/p4627-xiu.pdf,Publisher/author copyright; not redistributed,2026-09-16,Scholarly article,Primary full-paper visual/text calibration reading,Citation and literature comparison only; no code/data integration,Related-work or foundational boundary; parqo,No
Robust Query Processing: A Survey,https://doi.org/10.1561/1900000089,Publisher/author copyright; not redistributed,2026-09-16,Scholarly article,Publisher/DOI/DBLP bibliographic metadata verification; cited only for a narrow background proposition,Citation and literature comparison only; no code/data integration,Related-work or foundational boundary; rqpsurvey,No
Robust Plan Evaluation based on Approximate Probabilistic Machine Learning,https://www.vldb.org/pvldb/vol18/p2626-kamali.pdf,Publisher/author copyright; not redistributed,2026-09-16,Scholarly article,Primary full-paper visual/text calibration reading,Citation and literature comparison only; no code/data integration,Related-work or foundational boundary; roq,No
Conformal Prediction for Verifiable Learned Query Optimization,https://doi.org/10.14778/3742728.3742755,Publisher/author copyright; not redistributed,2026-09-16,Scholarly article,Formal PVLDB bibliographic metadata and public abstract; not counted as full-paper reading,Citation and literature comparison only; no code/data integration,Related-work or foundational boundary; conformal,No
Coresets for Robust Query Optimization,https://doi.org/10.1145/3801896,Publisher/author copyright; not redistributed,2026-09-16,Scholarly article,Primary DOI/ACM and institutional abstract metadata; publisher full text returned access failure,Citation and literature comparison only; no code/data integration,Related-work or foundational boundary; coresets,No
Ordering Selection Operators Using the Minmax Regret Rule,https://arxiv.org/abs/1507.08257,Publisher/author copyright; not redistributed,2026-09-16,Scholarly preprint,Primary arXiv record and selected passages; not counted as full-paper reading,Citation and literature comparison only; no code/data integration,Related-work or foundational boundary; alyoubi,No
Size Bounds and Query Plans for Relational Joins,https://doi.org/10.1137/110859440,Publisher/author copyright; not redistributed,2026-09-16,Scholarly article,Publisher/DOI/DBLP bibliographic metadata verification; cited only for a narrow background proposition,Citation and literature comparison only; no code/data integration,Related-work or foundational boundary; agm,No
Worst-Case Optimal Join Algorithms,https://doi.org/10.1145/2213556.2213565,Publisher/author copyright; not redistributed,2026-09-16,Scholarly article,Publisher/DOI/DBLP bibliographic metadata verification; cited only for a narrow background proposition,Citation and literature comparison only; no code/data integration,Related-work or foundational boundary; nprr,No
Min--Max and Min--Max Regret Versions of Combinatorial Optimization Problems: A Survey,https://doi.org/10.1016/j.ejor.2008.09.012,Publisher/author copyright; not redistributed,2026-09-16,Scholarly article,Publisher/DOI/DBLP bibliographic metadata verification; cited only for a narrow background proposition,Citation and literature comparison only; no code/data integration,Related-work or foundational boundary; minmaxsurvey,No
Designing Programs that Check Their Work,https://doi.org/10.1145/200836.200880,Publisher/author copyright; not redistributed,2026-09-16,Scholarly article,Publisher/DOI/DBLP bibliographic metadata verification; cited only for a narrow background proposition,Citation and literature comparison only; no code/data integration,Related-work or foundational boundary; blumkannan,No
Certifying Algorithms,https://doi.org/10.1016/j.cosrev.2010.09.009,Publisher/author copyright; not redistributed,2026-09-16,Scholarly article,Publisher/DOI/DBLP bibliographic metadata verification; cited only for a narrow background proposition,Citation and literature comparison only; no code/data integration,Related-work or foundational boundary; certifying,No
Proof-Carrying Code,https://courses.grainger.illinois.edu/cs421/fa2010/papers/necula-pcc.pdf,Publisher/author copyright; not redistributed,2026-09-16,Scholarly article,Primary full-paper visual/text calibration reading,Citation and literature comparison only; no code/data integration,Related-work or foundational boundary; necula,No
Foundational Proof-Carrying Code,https://www.cs.princeton.edu/~appel/papers/fpcc.pdf,Publisher/author copyright; not redistributed,2026-09-16,Scholarly article,Primary full-paper visual/text calibration reading,Citation and literature comparison only; no code/data integration,Related-work or foundational boundary; appel,No
Python standard library,https://docs.python.org/3/license.html,PSF License; runtime not redistributed,2026-09-16,Runtime,Supplied or installed asset; official web policy read where stated,Unmodified installed interpreter and standard library,"Typesetting, rule check, or experiment runtime as named",No
SQLite,https://www.sqlite.org/copyright.html,Public domain; runtime not redistributed,2026-09-16,Runtime,Supplied or installed asset; official web policy read where stated,Unmodified standard-library SQLite wrapper; independent COUNT/bag oracle,"Typesetting, rule check, or experiment runtime as named",No
ACM acmart 2.20,https://github.com/borisveytsman/acmart/tree/v2.20,LPPL 1.3 or later for class; BST public domain,2026-09-29,Typesetting asset,Published release delta and upstream file read; bibliography bytes matched to source,Published upstream class changes only; no custom layout changes,Anonymous SIGMOD initial-submission typesetting,No project-specific changes
SIGMOD 2027 research CFP,https://2027.sigmod.org/calls_papers_sigmod_research.shtml,Workflow page; not redistributed,2026-09-29,Official rules,Primary conference page read,Workflow verification only,"Initial format, anonymity, page limit, appendix and submission requirements",No
SIGMOD 2027 important dates,https://2027.sigmod.org/calls_papers_important_dates.shtml,Workflow page; not redistributed,2026-09-29,Official rules,Primary conference page read,Workflow verification only,Fourth-round dates,No
PAR2QO: Parametric Penalty-Aware Robust Query Optimization,https://www.vldb.org/pvldb/vol18/p4532-xiu.pdf,Publisher/author terms; no paper redistributed,2026-09-29,Scholarly publication,published PDF front matter and selected problem-definition passages checked; not a full-paper read,Citation and comparison only,Published title is Parametric Penalty-Aware Robust Query Optimization. Section 2.1 defines conditional expected penalty; Section 3 caches plan-penalty profiles. This differs from a distribution-free maximum over integer copy worlds.; par2qo,No
Ordering Selection Operators Under Partial Ignorance,https://bia.unibz.it/esploro/outputs/conferenceProceeding/Ordering-Selection-Operators-Under-Partial-Ignorance/991006493697701241,Publisher/author terms; no paper redistributed,2026-09-29,Scholarly publication,primary author/institution metadata and abstract inspected; not full text,Citation and comparison only,Minmax-regret selection ordering under partial selectivity information. Formal CIKM article; the earlier arXiv title is not counted as another work. First author is Khaled H. Alyoubi.; alyoubi,No
Provenance Semirings,https://sigmod.org/pods/opentoc/pods2007.html,Publisher/author terms; no paper redistributed,2026-09-29,Scholarly publication,primary-source abstract and metadata checked,Citation and comparison only,Semiring annotations unify bag multiplicities and why-provenance; they do not authenticate a snapshot origin.; provenance,No
HoTTSQL: Proving Query Rewrites with Univalent SQL Semantics,https://doi.org/10.1145/3062341.3062348,Publisher/author terms; no paper redistributed,2026-09-29,Scholarly publication,primary-source abstract and metadata checked,Citation and comparison only,HoTTSQL mechanizes SQL rewrite reasoning; it is not a minimax-cost certificate.; hottsql,No
Axiomatic Foundations and Algorithms for Deciding Semantic Equivalences of SQL Queries,https://www.vldb.org/pvldb/vol11/p1482-chu.pdf,Publisher/author terms; no paper redistributed,2026-09-29,Scholarly publication,published PDF front matter and selected passages checked,Citation and comparison only,"U-semiring axioms support SQL equivalence reasoning; the published paper uses Lean, unlike this unverified Python implementation.; usql",No
Cosette: An Automated Prover for SQL,https://www.cidrdb.org/cidr2017/papers/p51-chu-cidr17.pdf,Publisher/author terms; no paper redistributed,2026-09-29,Scholarly publication,published PDF front matter and selected passages checked,Citation and comparison only,Cosette combines counterexample search and proof-based query equivalence reasoning.; cosette,No
"Provenance in Databases: Why, How, and Where",https://www.research.ed.ac.uk/en/publications/provenance-in-databases-why-how-and-where/,Publisher/author terms; no paper redistributed,2026-09-29,Scholarly publication,primary-source abstract and metadata checked,Citation and comparison only,"Why/how/where provenance concerns data derivations, not evidence that the supplied bytes came from an authenticated capture.; provsurvey",No
An Overview of Query Optimization in Relational Systems,https://www.microsoft.com/en-us/research/publication/an-overview-of-query-optimization-in-relational-systems-paper/,Publisher/author terms; no paper redistributed,2026-09-29,Scholarly publication,primary-source abstract and metadata checked,Citation and comparison only,"Query optimization comprises transformations, cost estimation and search; our guarantee fixes the cost and search scope.; overview",No
Query Evaluation Techniques for Large Databases,https://sigmod.org/publications/dblp/db/journals/csur/Graefe93.html,Publisher/author terms; no paper redistributed,2026-09-29,Scholarly publication,primary-source abstract and metadata checked,Citation and comparison only,Physical query evaluation uses operator and storage techniques omitted by the cardinality-only cost.; evaluation,No
The Volcano Optimizer Generator: Extensibility and Efficient Search,https://sigmod.org/publications/dblp/db/conf/icde/GraefeM93.html,Publisher/author terms; no paper redistributed,2026-09-29,Scholarly publication,primary-source abstract and metadata checked,Citation and comparison only,Volcano separates logical and physical optimization with extensible search; our certificate does not cover these physical properties.; volcano,No
The Cascades Framework for Query Optimization,https://www.sigmod.org/publications/dblp/db/journals/debu/Graefe95a.html,Publisher/author terms; no paper redistributed,2026-09-29,Scholarly publication,primary-source abstract and metadata checked,Citation and comparison only,Cascades supports extensible query transformation and search rather than this restricted tree-only protocol.; cascades,No
Eddies: Continuously Adaptive Query Processing,https://sigmod.org/publications/discs/2001/out/p_eddiescontinuourojo.htm,Publisher/author terms; no paper redistributed,2026-09-29,Scholarly publication,primary-source abstract and metadata checked,Citation and comparison only,Eddies adapts tuple routing during execution; our certificate selects a fixed pre-execution plan.; eddies,No
Proactive Re-Optimization,https://doi.org/10.1145/1066157.1066171,Publisher/author terms; no paper redistributed,2026-09-29,Scholarly publication,primary-source abstract and metadata checked,Citation and comparison only,Proactive re-optimization uses uncertainty information and execution feedback; our contract is supplied and snapshot-specific.; proactive,No
LEO---DB2's LEarning Optimizer,https://research.ibm.com/publications/leo-db2s-learning-optimizer,Publisher/author terms; no paper redistributed,2026-09-29,Scholarly publication,primary-source abstract and metadata checked,Citation and comparison only,"LEO uses observed execution cardinalities to improve estimates, not literal-template membership certificates.; leo",No
Measuring the Complexity of Join Enumeration in Query Optimization,https://www.sigmod.org/publications/dblp/db/conf/vldb/OnoL90.html,Publisher/author terms; no paper redistributed,2026-09-29,Scholarly publication,primary-source abstract and metadata checked,Citation and comparison only,Join enumeration complexity depends on query structure; a finite instance count alone does not demonstrate broad scalability.; onolohman,No
Learned Cardinalities: Estimating Correlated Joins with Deep Learning,https://www.vldb.org/cidrdb/2019/learned-cardinalities-estimating-correlated-joins-with-deep-learning.html,Publisher/author terms; no paper redistributed,2026-09-29,Scholarly publication,primary-source abstract and metadata checked,Citation and comparison only,MSCN learns correlated join cardinalities from query representations; it is a predictive estimator rather than an exact structural attestation.; mscn,No
"DeepDB: Learn from Data, not from Queries!",https://www.dfki.de/en/web/research/projects-and-publications/publication/14425,Publisher/author terms; no paper redistributed,2026-09-29,Scholarly publication,primary-source abstract and metadata checked,Citation and comparison only,DeepDB learns a data-driven model rather than a workload-supervised one; neither input is the literal-template contract used here.; deepdb,No
NeuroCard: One Cardinality Estimator for All Tables,https://arxiv.org/abs/2006.08109,Publisher/author terms; no paper redistributed,2026-09-29,Scholarly publication,primary-source abstract and metadata checked,Citation and comparison only,NeuroCard learns a neural density model across tables to capture correlations; prediction is distinct from exact membership.; neurocard,No
FactorJoin: A New Cardinality Estimation Framework for Join Queries,https://doi.org/10.1145/3588721,Publisher/author terms; no paper redistributed,2026-09-29,Scholarly publication,primary-source abstract and metadata checked,Citation and comparison only,"FactorJoin combines single-table information through a factor-graph model of joins, unlike exact isolated-copy reconstruction.; factorjoin",No
The Price of Robustness,https://pubsonline.informs.org/doi/10.1287/opre.1030.0065,Publisher/author terms; no paper redistributed,2026-09-29,Scholarly publication,primary-source abstract and metadata checked,Citation and comparison only,"Uncertainty-set design trades nominal performance for robustness; our shared mass has the concrete meaning of copy count, not a learned confidence level.; robustprice",No
Robust Convex Optimization,https://pubsonline.informs.org/doi/abs/10.1287/moor.23.4.769,Publisher/author terms; no paper redistributed,2026-09-29,Scholarly publication,primary-source abstract and metadata checked,Citation and comparison only,Robust optimization quantifies over a specified uncertainty set; this alone cannot establish whether a current database belongs to that set.; robustconvex,No
Neo: A Learned Query Optimizer,https://scholarworks.brandeis.edu/esploro/outputs/journalArticle/Neo-a-learned-query-optimizer/9924086682001921,Publisher/author terms; no paper redistributed,2026-09-29,Scholarly publication,primary-source abstract and metadata checked,Citation and comparison only,"Neo trains a neural optimizer using previous queries; our synthetic checks measure finite correctness, not learned generalization.; neo",No
Bao: Making Learned Query Optimization Practical,https://doi.org/10.1145/3448016.3452838,Publisher/author terms; no paper redistributed,2026-09-29,Scholarly publication,primary-source abstract and metadata checked,Citation and comparison only,Bao uses learned hint selection and execution feedback; it addresses runtime choices rather than exact minimax certificates.; bao,No
SkinnerDB: Regret-Bounded Query Evaluation via Reinforcement Learning,https://arxiv.org/pdf/1901.05152,Publisher/author terms; no paper redistributed,2026-09-29,Scholarly publication,author PDF front matter and selected passages checked,Citation and comparison only,"SkinnerDB learns join orders during the current query and bounds expected execution cost relative to an optimal order, unlike fixed-plan worst-case additive cardinality regret.; skinner",No
Proving Query Equivalence Using Linear Integer Arithmetic,https://github.com/SJTU-IPADS/SQLSolver,Publisher/author terms; no paper redistributed,2026-09-29,Scholarly publication,primary-source abstract and metadata checked,Citation and comparison only,SQLSolver proves SQL equivalence using linear integer arithmetic with unbounded sums; this is result equivalence rather than minimax cost.; sqlsolver,No
"SQLite: Past, Present, and Future",https://doi.org/10.14778/3554821.3554842,Publisher/author terms; no paper redistributed,2026-09-29,Scholarly publication,primary-source abstract and metadata checked,Citation and comparison only,"SQLite is the separate execution engine used for finite count checks, not a production performance baseline in this work.; sqlite",No
Efficient Mid-Query Re-Optimization of Sub-Optimal Query Execution Plans,https://www.vldb.org/dblp/db/conf/sigmod/KabraD98.html,Publisher/author terms; no paper redistributed,2026-09-29,Scholarly publication,primary-source abstract and metadata checked,Citation and comparison only,Mid-query reoptimization collects runtime statistics and revises remaining execution; our certificate does not adapt during execution.; midquery,No
