case,family,regime,n,k,world_id,world,copies,snapshot_rows,mapped_key_occurrences,distinct_edge_values,connected_subqueries,snapshot_bytes,attestation_bytes,checker_cpu_s,checker_accepted,chain_accepted,certified_regret,actual_snapshot_regret,regret_within_bound,sqlite_profile_match
branch-4-4-balanced-101,branch,balanced,4,4,0,"[3,2,0,0]",5,60,100,30,10,1478,330,0.001265198,True,True,0,0,True,True
branch-4-4-balanced-101,branch,balanced,4,4,1,"[2,1,1,1]",5,60,100,30,10,1478,330,0.00089625,True,True,0,0,True,True
branch-4-4-balanced-101,branch,balanced,4,4,2,"[0,0,2,3]",5,60,100,30,10,1478,330,0.000840458,True,True,0,0,True,True
branch-4-4-balanced-202,branch,balanced,4,4,0,"[3,2,0,0]",5,60,100,30,10,1478,330,0.000857523,True,True,0,0,True,True
branch-4-4-balanced-202,branch,balanced,4,4,1,"[2,1,1,1]",5,60,100,30,10,1478,330,0.000828931,True,True,0,0,True,True
branch-4-4-balanced-202,branch,balanced,4,4,2,"[0,0,2,3]",5,60,100,30,10,1478,330,0.000876111,True,True,0,0,True,True
branch-4-4-skewed-101,branch,skewed,4,4,0,"[3,2,0,0]",5,60,100,30,10,1476,328,0.000941869,True,True,0,0,True,True
branch-4-4-skewed-101,branch,skewed,4,4,1,"[2,1,1,1]",5,60,100,30,10,1476,328,0.000860157,True,True,0,0,True,True
branch-4-4-skewed-101,branch,skewed,4,4,2,"[0,0,2,3]",5,60,100,30,10,1476,328,0.000951723,True,True,0,0,True,True
branch-4-4-skewed-202,branch,skewed,4,4,0,"[3,2,0,0]",5,60,100,30,10,1476,328,0.000858985,True,True,0,0,True,True
branch-4-4-skewed-202,branch,skewed,4,4,1,"[2,1,1,1]",5,60,100,30,10,1476,328,0.000836852,True,True,0,0,True,True
branch-4-4-skewed-202,branch,skewed,4,4,2,"[0,0,2,3]",5,60,100,30,10,1476,328,0.000852616,True,True,0,0,True,True
branch-4-6-balanced-101,branch,balanced,4,6,0,"[3,3,3,0,0,0]",9,108,180,54,10,2614,586,0.001329344,True,True,0,0,True,True
branch-4-6-balanced-101,branch,balanced,4,6,1,"[2,2,2,1,1,1]",9,108,180,54,10,2614,586,0.001249685,True,True,0,0,True,True
branch-4-6-balanced-101,branch,balanced,4,6,2,"[0,0,0,3,3,3]",9,108,180,54,10,2614,586,0.001259149,True,True,0,0,True,True
branch-4-6-balanced-202,branch,balanced,4,6,0,"[3,3,3,0,0,0]",9,108,180,54,10,2614,586,0.001240482,True,True,0,0,True,True
branch-4-6-balanced-202,branch,balanced,4,6,1,"[2,2,2,1,1,1]",9,108,180,54,10,2614,586,0.001566686,True,True,0,0,True,True
branch-4-6-balanced-202,branch,balanced,4,6,2,"[0,0,0,3,3,3]",9,108,180,54,10,2614,586,0.001223757,True,True,0,0,True,True
branch-4-6-skewed-101,branch,skewed,4,6,0,"[3,3,3,0,0,0]",9,108,180,54,10,2612,584,0.001386959,True,True,0,0,True,True
branch-4-6-skewed-101,branch,skewed,4,6,1,"[2,2,2,1,1,1]",9,108,180,54,10,2612,584,0.001233191,True,True,0,0,True,True
branch-4-6-skewed-101,branch,skewed,4,6,2,"[0,0,0,3,3,3]",9,108,180,54,10,2612,584,0.001240302,True,True,0,0,True,True
branch-4-6-skewed-202,branch,skewed,4,6,0,"[3,3,3,0,0,0]",9,108,180,54,10,2612,584,0.00126583,True,True,0,0,True,True
branch-4-6-skewed-202,branch,skewed,4,6,1,"[2,2,2,1,1,1]",9,108,180,54,10,2612,584,0.001363284,True,True,0,0,True,True
branch-4-6-skewed-202,branch,skewed,4,6,2,"[0,0,0,3,3,3]",9,108,180,54,10,2612,584,0.001242244,True,True,0,0,True,True
branch-5-4-balanced-101,branch,balanced,5,4,0,"[3,2,0,0]",5,70,130,40,17,1890,360,0.001876335,True,True,4,4,True,True
branch-5-4-balanced-101,branch,balanced,5,4,1,"[2,1,1,1]",5,70,130,40,17,1890,360,0.00189954,True,True,4,0,True,True
branch-5-4-balanced-101,branch,balanced,5,4,2,"[0,0,2,3]",5,70,130,40,17,1890,360,0.001785461,True,True,4,0,True,True
branch-5-4-balanced-202,branch,balanced,5,4,0,"[3,2,0,0]",5,70,130,40,17,1890,360,0.001902374,True,True,0,0,True,True
branch-5-4-balanced-202,branch,balanced,5,4,1,"[2,1,1,1]",5,70,130,40,17,1890,360,0.001911358,True,True,0,0,True,True
branch-5-4-balanced-202,branch,balanced,5,4,2,"[0,0,2,3]",5,70,130,40,17,1890,360,0.001815565,True,True,0,0,True,True
branch-5-4-skewed-101,branch,skewed,5,4,0,"[3,2,0,0]",5,70,130,40,17,1888,358,0.001999458,True,True,22,22,True,True
branch-5-4-skewed-101,branch,skewed,5,4,1,"[2,1,1,1]",5,70,130,40,17,1888,358,0.00196681,True,True,22,4,True,True
branch-5-4-skewed-101,branch,skewed,5,4,2,"[0,0,2,3]",5,70,130,40,17,1888,358,0.002087159,True,True,22,0,True,True
branch-5-4-skewed-202,branch,skewed,5,4,0,"[3,2,0,0]",5,70,130,40,17,1888,358,0.001957426,True,True,6,2,True,True
branch-5-4-skewed-202,branch,skewed,5,4,1,"[2,1,1,1]",5,70,130,40,17,1888,358,0.001972759,True,True,6,0,True,True
branch-5-4-skewed-202,branch,skewed,5,4,2,"[0,0,2,3]",5,70,130,40,17,1888,358,0.002005878,True,True,6,6,True,True
branch-5-6-balanced-101,branch,balanced,5,6,0,"[3,3,3,0,0,0]",9,126,234,72,17,3354,648,0.002767188,True,True,12,0,True,True
branch-5-6-balanced-101,branch,balanced,5,6,1,"[2,2,2,1,1,1]",9,126,234,72,17,3354,648,0.002749062,True,True,12,0,True,True
branch-5-6-balanced-101,branch,balanced,5,6,2,"[0,0,0,3,3,3]",9,126,234,72,17,3354,648,0.002587161,True,True,12,0,True,True
branch-5-6-balanced-202,branch,balanced,5,6,0,"[3,3,3,0,0,0]",9,126,234,72,17,3354,648,0.002717864,True,True,0,0,True,True
branch-5-6-balanced-202,branch,balanced,5,6,1,"[2,2,2,1,1,1]",9,126,234,72,17,3354,648,0.002642574,True,True,0,0,True,True
branch-5-6-balanced-202,branch,balanced,5,6,2,"[0,0,0,3,3,3]",9,126,234,72,17,3354,648,0.002900917,True,True,0,0,True,True
branch-5-6-skewed-101,branch,skewed,5,6,0,"[3,3,3,0,0,0]",9,126,234,72,17,3352,646,0.00285621,True,True,30,24,True,True
branch-5-6-skewed-101,branch,skewed,5,6,1,"[2,2,2,1,1,1]",9,126,234,72,17,3352,646,0.002847733,True,True,30,0,True,True
branch-5-6-skewed-101,branch,skewed,5,6,2,"[0,0,0,3,3,3]",9,126,234,72,17,3352,646,0.002867297,True,True,30,30,True,True
branch-5-6-skewed-202,branch,skewed,5,6,0,"[3,3,3,0,0,0]",9,126,234,72,17,3352,646,0.003153922,True,True,12,12,True,True
branch-5-6-skewed-202,branch,skewed,5,6,1,"[2,2,2,1,1,1]",9,126,234,72,17,3352,646,0.002744074,True,True,12,0,True,True
branch-5-6-skewed-202,branch,skewed,5,6,2,"[0,0,0,3,3,3]",9,126,234,72,17,3352,646,0.002591257,True,True,12,0,True,True
branch-6-4-balanced-101,branch,balanced,6,4,0,"[3,2,0,0]",5,90,170,50,24,2452,420,0.005988641,True,True,0,0,True,True
branch-6-4-balanced-101,branch,balanced,6,4,1,"[2,1,1,1]",5,90,170,50,24,2452,420,0.005739891,True,True,0,0,True,True
branch-6-4-balanced-101,branch,balanced,6,4,2,"[0,0,2,3]",5,90,170,50,24,2452,420,0.005564681,True,True,0,0,True,True
branch-6-4-balanced-202,branch,balanced,6,4,0,"[3,2,0,0]",5,90,170,50,24,2452,420,0.005687273,True,True,0,0,True,True
branch-6-4-balanced-202,branch,balanced,6,4,1,"[2,1,1,1]",5,90,170,50,24,2452,420,0.005634595,True,True,0,0,True,True
branch-6-4-balanced-202,branch,balanced,6,4,2,"[0,0,2,3]",5,90,170,50,24,2452,420,0.005757648,True,True,0,0,True,True
branch-6-4-skewed-101,branch,skewed,6,4,0,"[3,2,0,0]",5,90,170,50,24,2450,418,0.007347128,True,True,20,0,True,True
branch-6-4-skewed-101,branch,skewed,6,4,1,"[2,1,1,1]",5,90,170,50,24,2450,418,0.006000038,True,True,20,0,True,True
branch-6-4-skewed-101,branch,skewed,6,4,2,"[0,0,2,3]",5,90,170,50,24,2450,418,0.005786701,True,True,20,6,True,True
branch-6-4-skewed-202,branch,skewed,6,4,0,"[3,2,0,0]",5,90,170,50,24,2450,418,0.005702486,True,True,10,0,True,True
branch-6-4-skewed-202,branch,skewed,6,4,1,"[2,1,1,1]",5,90,170,50,24,2450,418,0.005998366,True,True,10,0,True,True
branch-6-4-skewed-202,branch,skewed,6,4,2,"[0,0,2,3]",5,90,170,50,24,2450,418,0.00588065,True,True,10,0,True,True
branch-6-6-balanced-101,branch,balanced,6,6,0,"[3,3,3,0,0,0]",9,162,306,90,24,4364,764,0.008671814,True,True,0,0,True,True
branch-6-6-balanced-101,branch,balanced,6,6,1,"[2,2,2,1,1,1]",9,162,306,90,24,4364,764,0.008364398,True,True,0,0,True,True
branch-6-6-balanced-101,branch,balanced,6,6,2,"[0,0,0,3,3,3]",9,162,306,90,24,4364,764,0.008623423,True,True,0,0,True,True
branch-6-6-balanced-202,branch,balanced,6,6,0,"[3,3,3,0,0,0]",9,162,306,90,24,4364,764,0.008742399,True,True,0,0,True,True
branch-6-6-balanced-202,branch,balanced,6,6,1,"[2,2,2,1,1,1]",9,162,306,90,24,4364,764,0.008388834,True,True,0,0,True,True
branch-6-6-balanced-202,branch,balanced,6,6,2,"[0,0,0,3,3,3]",9,162,306,90,24,4364,764,0.008696901,True,True,0,0,True,True
branch-6-6-skewed-101,branch,skewed,6,6,0,"[3,3,3,0,0,0]",9,162,306,90,24,4362,762,0.008787706,True,True,24,0,True,True
branch-6-6-skewed-101,branch,skewed,6,6,1,"[2,2,2,1,1,1]",9,162,306,90,24,4362,762,0.008820475,True,True,24,0,True,True
branch-6-6-skewed-101,branch,skewed,6,6,2,"[0,0,0,3,3,3]",9,162,306,90,24,4362,762,0.008774857,True,True,24,6,True,True
branch-6-6-skewed-202,branch,skewed,6,6,0,"[3,3,3,0,0,0]",9,162,306,90,24,4362,762,0.008541561,True,True,12,6,True,True
branch-6-6-skewed-202,branch,skewed,6,6,1,"[2,2,2,1,1,1]",9,162,306,90,24,4362,762,0.008447952,True,True,12,0,True,True
branch-6-6-skewed-202,branch,skewed,6,6,2,"[0,0,0,3,3,3]",9,162,306,90,24,4362,762,0.009048183,True,True,12,0,True,True
branch-7-4-balanced-101,branch,balanced,7,4,0,"[3,2,0,0]",5,100,200,60,37,2864,450,0.018363372,True,True,20,0,True,True
branch-7-4-balanced-101,branch,balanced,7,4,1,"[2,1,1,1]",5,100,200,60,37,2864,450,0.015284422,True,True,20,0,True,True
branch-7-4-balanced-101,branch,balanced,7,4,2,"[0,0,2,3]",5,100,200,60,37,2864,450,0.015066918,True,True,20,20,True,True
branch-7-4-balanced-202,branch,balanced,7,4,0,"[3,2,0,0]",5,100,200,60,37,2864,450,0.015106808,True,True,24,8,True,True
branch-7-4-balanced-202,branch,balanced,7,4,1,"[2,1,1,1]",5,100,200,60,37,2864,450,0.014808164,True,True,24,8,True,True
branch-7-4-balanced-202,branch,balanced,7,4,2,"[0,0,2,3]",5,100,200,60,37,2864,450,0.018488468,True,True,24,0,True,True
branch-7-4-skewed-101,branch,skewed,7,4,0,"[3,2,0,0]",5,100,200,60,37,2862,448,0.016191338,True,True,52,2,True,True
branch-7-4-skewed-101,branch,skewed,7,4,1,"[2,1,1,1]",5,100,200,60,37,2862,448,0.015759517,True,True,52,8,True,True
branch-7-4-skewed-101,branch,skewed,7,4,2,"[0,0,2,3]",5,100,200,60,37,2862,448,0.017552278,True,True,52,30,True,True
branch-7-4-skewed-202,branch,skewed,7,4,0,"[3,2,0,0]",5,100,200,60,37,2862,448,0.015494824,True,True,46,36,True,True
branch-7-4-skewed-202,branch,skewed,7,4,1,"[2,1,1,1]",5,100,200,60,37,2862,448,0.015824263,True,True,46,12,True,True
branch-7-4-skewed-202,branch,skewed,7,4,2,"[0,0,2,3]",5,100,200,60,37,2862,448,0.016360599,True,True,46,8,True,True
branch-7-6-balanced-101,branch,balanced,7,6,0,"[3,3,3,0,0,0]",9,180,360,108,37,5104,826,0.023462323,True,True,36,0,True,True
branch-7-6-balanced-101,branch,balanced,7,6,1,"[2,2,2,1,1,1]",9,180,360,108,37,5104,826,0.023279752,True,True,36,0,True,True
branch-7-6-balanced-101,branch,balanced,7,6,2,"[0,0,0,3,3,3]",9,180,360,108,37,5104,826,0.023236988,True,True,36,0,True,True
branch-7-6-balanced-202,branch,balanced,7,6,0,"[3,3,3,0,0,0]",9,180,360,108,37,5104,826,0.022370181,True,True,48,0,True,True
branch-7-6-balanced-202,branch,balanced,7,6,1,"[2,2,2,1,1,1]",9,180,360,108,37,5104,826,0.022291144,True,True,48,0,True,True
branch-7-6-balanced-202,branch,balanced,7,6,2,"[0,0,0,3,3,3]",9,180,360,108,37,5104,826,0.023369765,True,True,48,0,True,True
branch-7-6-skewed-101,branch,skewed,7,6,0,"[3,3,3,0,0,0]",9,180,360,108,37,5102,824,0.024893758,True,True,150,72,True,True
branch-7-6-skewed-101,branch,skewed,7,6,1,"[2,2,2,1,1,1]",9,180,360,108,37,5102,824,0.023262776,True,True,150,12,True,True
branch-7-6-skewed-101,branch,skewed,7,6,2,"[0,0,0,3,3,3]",9,180,360,108,37,5102,824,0.023111081,True,True,150,0,True,True
branch-7-6-skewed-202,branch,skewed,7,6,0,"[3,3,3,0,0,0]",9,180,360,108,37,5102,824,0.022873729,True,True,84,48,True,True
branch-7-6-skewed-202,branch,skewed,7,6,1,"[2,2,2,1,1,1]",9,180,360,108,37,5102,824,0.023908124,True,True,84,16,True,True
branch-7-6-skewed-202,branch,skewed,7,6,2,"[0,0,0,3,3,3]",9,180,360,108,37,5102,824,0.023613948,True,True,84,12,True,True
commerce-303-0,commerce,unfiltered,7,4,0,"[3,2,0,0]",5,95,190,65,34,2715,431,0.008515622,True,True,0,0,True,True
commerce-303-0,commerce,unfiltered,7,4,1,"[2,1,1,1]",5,95,190,65,34,2715,431,0.007986587,True,True,0,0,True,True
commerce-303-0,commerce,unfiltered,7,4,2,"[0,0,2,3]",5,95,190,65,34,2715,431,0.008776439,True,True,0,0,True,True
commerce-303-1,commerce,filtered,7,4,0,"[3,2,0,0]",5,85,175,65,34,2500,406,0.004466641,True,True,13,12,True,True
commerce-303-1,commerce,filtered,7,4,1,"[2,1,1,1]",5,85,175,63,34,2500,406,0.004424339,True,True,13,2,True,True
commerce-303-1,commerce,filtered,7,4,2,"[0,0,2,3]",5,85,175,60,34,2500,406,0.004575773,True,True,13,0,True,True
commerce-404-0,commerce,unfiltered,7,4,0,"[3,2,0,0]",5,95,190,65,34,2715,431,0.009855862,True,True,0,0,True,True
commerce-404-0,commerce,unfiltered,7,4,1,"[2,1,1,1]",5,95,190,65,34,2715,431,0.007919157,True,True,0,0,True,True
commerce-404-0,commerce,unfiltered,7,4,2,"[0,0,2,3]",5,95,190,65,34,2715,431,0.008000898,True,True,0,0,True,True
commerce-404-1,commerce,filtered,7,4,0,"[3,2,0,0]",5,85,175,62,34,2500,406,0.004907816,True,True,14,1,True,True
commerce-404-1,commerce,filtered,7,4,1,"[2,1,1,1]",5,85,175,62,34,2500,406,0.006283679,True,True,14,2,True,True
commerce-404-1,commerce,filtered,7,4,2,"[0,0,2,3]",5,85,175,62,34,2500,406,0.005047513,True,True,14,3,True,True
commerce-505-0,commerce,unfiltered,7,4,0,"[3,2,0,0]",5,95,190,65,34,2715,431,0.007842903,True,True,0,0,True,True
commerce-505-0,commerce,unfiltered,7,4,1,"[2,1,1,1]",5,95,190,65,34,2715,431,0.008335475,True,True,0,0,True,True
commerce-505-0,commerce,unfiltered,7,4,2,"[0,0,2,3]",5,95,190,65,34,2715,431,0.009852658,True,True,0,0,True,True
commerce-505-1,commerce,filtered,7,4,0,"[3,2,0,0]",5,85,175,65,34,2500,406,0.005135614,True,True,5,5,True,True
commerce-505-1,commerce,filtered,7,4,1,"[2,1,1,1]",5,85,175,64,34,2500,406,0.005148113,True,True,5,2,True,True
commerce-505-1,commerce,filtered,7,4,2,"[0,0,2,3]",5,85,175,63,34,2500,406,0.004911071,True,True,5,0,True,True
path-4-4-balanced-101,path,balanced,4,4,0,"[3,2,0,0]",5,60,100,30,10,1476,328,0.000881288,True,True,0,0,True,True
path-4-4-balanced-101,path,balanced,4,4,1,"[2,1,1,1]",5,60,100,30,10,1476,328,0.001036779,True,True,0,0,True,True
path-4-4-balanced-101,path,balanced,4,4,2,"[0,0,2,3]",5,60,100,30,10,1476,328,0.000907116,True,True,0,0,True,True
path-4-4-balanced-202,path,balanced,4,4,0,"[3,2,0,0]",5,60,100,30,10,1476,328,0.00103093,True,True,0,0,True,True
path-4-4-balanced-202,path,balanced,4,4,1,"[2,1,1,1]",5,60,100,30,10,1476,328,0.000952444,True,True,0,0,True,True
path-4-4-balanced-202,path,balanced,4,4,2,"[0,0,2,3]",5,60,100,30,10,1476,328,0.000846617,True,True,0,0,True,True
path-4-4-skewed-101,path,skewed,4,4,0,"[3,2,0,0]",5,60,100,30,10,1474,326,0.0009831,True,True,10,0,True,True
path-4-4-skewed-101,path,skewed,4,4,1,"[2,1,1,1]",5,60,100,30,10,1474,326,0.000872034,True,True,10,0,True,True
path-4-4-skewed-101,path,skewed,4,4,2,"[0,0,2,3]",5,60,100,30,10,1474,326,0.000953155,True,True,10,10,True,True
path-4-4-skewed-202,path,skewed,4,4,0,"[3,2,0,0]",5,60,100,30,10,1474,326,0.001160983,True,True,6,0,True,True
path-4-4-skewed-202,path,skewed,4,4,1,"[2,1,1,1]",5,60,100,30,10,1474,326,0.000945624,True,True,6,0,True,True
path-4-4-skewed-202,path,skewed,4,4,2,"[0,0,2,3]",5,60,100,30,10,1474,326,0.00087559,True,True,6,0,True,True
path-4-6-balanced-101,path,balanced,4,6,0,"[3,3,3,0,0,0]",9,108,180,54,10,2612,584,0.001242084,True,True,0,0,True,True
path-4-6-balanced-101,path,balanced,4,6,1,"[2,2,2,1,1,1]",9,108,180,54,10,2612,584,0.001249586,True,True,0,0,True,True
path-4-6-balanced-101,path,balanced,4,6,2,"[0,0,0,3,3,3]",9,108,180,54,10,2612,584,0.001381,True,True,0,0,True,True
path-4-6-balanced-202,path,balanced,4,6,0,"[3,3,3,0,0,0]",9,108,180,54,10,2612,584,0.001540437,True,True,0,0,True,True
path-4-6-balanced-202,path,balanced,4,6,1,"[2,2,2,1,1,1]",9,108,180,54,10,2612,584,0.001237667,True,True,0,0,True,True
path-4-6-balanced-202,path,balanced,4,6,2,"[0,0,0,3,3,3]",9,108,180,54,10,2612,584,0.001244518,True,True,0,0,True,True
path-4-6-skewed-101,path,skewed,4,6,0,"[3,3,3,0,0,0]",9,108,180,54,10,2610,582,0.001366149,True,True,24,0,True,True
path-4-6-skewed-101,path,skewed,4,6,1,"[2,2,2,1,1,1]",9,108,180,54,10,2610,582,0.001411765,True,True,24,0,True,True
path-4-6-skewed-101,path,skewed,4,6,2,"[0,0,0,3,3,3]",9,108,180,54,10,2610,582,0.001251708,True,True,24,0,True,True
path-4-6-skewed-202,path,skewed,4,6,0,"[3,3,3,0,0,0]",9,108,180,54,10,2610,582,0.001338588,True,True,0,0,True,True
path-4-6-skewed-202,path,skewed,4,6,1,"[2,2,2,1,1,1]",9,108,180,54,10,2610,582,0.001232019,True,True,0,0,True,True
path-4-6-skewed-202,path,skewed,4,6,2,"[0,0,0,3,3,3]",9,108,180,54,10,2610,582,0.001319109,True,True,0,0,True,True
path-5-4-balanced-101,path,balanced,5,4,0,"[3,2,0,0]",5,80,140,40,15,2038,388,0.002449437,True,True,0,0,True,True
path-5-4-balanced-101,path,balanced,5,4,1,"[2,1,1,1]",5,80,140,40,15,2038,388,0.002223602,True,True,0,0,True,True
path-5-4-balanced-101,path,balanced,5,4,2,"[0,0,2,3]",5,80,140,40,15,2038,388,0.002335197,True,True,0,0,True,True
path-5-4-balanced-202,path,balanced,5,4,0,"[3,2,0,0]",5,80,140,40,15,2038,388,0.002297411,True,True,0,0,True,True
path-5-4-balanced-202,path,balanced,5,4,1,"[2,1,1,1]",5,80,140,40,15,2038,388,0.002473742,True,True,0,0,True,True
path-5-4-balanced-202,path,balanced,5,4,2,"[0,0,2,3]",5,80,140,40,15,2038,388,0.002595713,True,True,0,0,True,True
path-5-4-skewed-101,path,skewed,5,4,0,"[3,2,0,0]",5,80,140,40,15,2036,386,0.002356028,True,True,16,2,True,True
path-5-4-skewed-101,path,skewed,5,4,1,"[2,1,1,1]",5,80,140,40,15,2036,386,0.002462255,True,True,16,0,True,True
path-5-4-skewed-101,path,skewed,5,4,2,"[0,0,2,3]",5,80,140,40,15,2036,386,0.002339523,True,True,16,0,True,True
path-5-4-skewed-202,path,skewed,5,4,0,"[3,2,0,0]",5,80,140,40,15,2036,386,0.002341346,True,True,12,8,True,True
path-5-4-skewed-202,path,skewed,5,4,1,"[2,1,1,1]",5,80,140,40,15,2036,386,0.002243581,True,True,12,0,True,True
path-5-4-skewed-202,path,skewed,5,4,2,"[0,0,2,3]",5,80,140,40,15,2036,386,0.002378001,True,True,12,0,True,True
path-5-6-balanced-101,path,balanced,5,6,0,"[3,3,3,0,0,0]",9,144,252,72,15,3622,700,0.00343562,True,True,0,0,True,True
path-5-6-balanced-101,path,balanced,5,6,1,"[2,2,2,1,1,1]",9,144,252,72,15,3622,700,0.003244747,True,True,0,0,True,True
path-5-6-balanced-101,path,balanced,5,6,2,"[0,0,0,3,3,3]",9,144,252,72,15,3622,700,0.00342842,True,True,0,0,True,True
path-5-6-balanced-202,path,balanced,5,6,0,"[3,3,3,0,0,0]",9,144,252,72,15,3622,700,0.004301195,True,True,0,0,True,True
path-5-6-balanced-202,path,balanced,5,6,1,"[2,2,2,1,1,1]",9,144,252,72,15,3622,700,0.003612603,True,True,0,0,True,True
path-5-6-balanced-202,path,balanced,5,6,2,"[0,0,0,3,3,3]",9,144,252,72,15,3622,700,0.003687144,True,True,0,0,True,True
path-5-6-skewed-101,path,skewed,5,6,0,"[3,3,3,0,0,0]",9,144,252,72,15,3620,698,0.003286128,True,True,54,0,True,True
path-5-6-skewed-101,path,skewed,5,6,1,"[2,2,2,1,1,1]",9,144,252,72,15,3620,698,0.00336766,True,True,54,0,True,True
path-5-6-skewed-101,path,skewed,5,6,2,"[0,0,0,3,3,3]",9,144,252,72,15,3620,698,0.003394319,True,True,54,18,True,True
path-5-6-skewed-202,path,skewed,5,6,0,"[3,3,3,0,0,0]",9,144,252,72,15,3620,698,0.003340139,True,True,36,0,True,True
path-5-6-skewed-202,path,skewed,5,6,1,"[2,2,2,1,1,1]",9,144,252,72,15,3620,698,0.0032805,True,True,36,0,True,True
path-5-6-skewed-202,path,skewed,5,6,2,"[0,0,0,3,3,3]",9,144,252,72,15,3620,698,0.003352698,True,True,36,18,True,True
path-6-4-balanced-101,path,balanced,6,4,0,"[3,2,0,0]",5,100,180,50,21,2600,448,0.007629597,True,True,0,0,True,True
path-6-4-balanced-101,path,balanced,6,4,1,"[2,1,1,1]",5,100,180,50,21,2600,448,0.00785381,True,True,0,0,True,True
path-6-4-balanced-101,path,balanced,6,4,2,"[0,0,2,3]",5,100,180,50,21,2600,448,0.008133475,True,True,0,0,True,True
path-6-4-balanced-202,path,balanced,6,4,0,"[3,2,0,0]",5,100,180,50,21,2600,448,0.007817746,True,True,0,0,True,True
path-6-4-balanced-202,path,balanced,6,4,1,"[2,1,1,1]",5,100,180,50,21,2600,448,0.007464422,True,True,0,0,True,True
path-6-4-balanced-202,path,balanced,6,4,2,"[0,0,2,3]",5,100,180,50,21,2600,448,0.008095068,True,True,0,0,True,True
path-6-4-skewed-101,path,skewed,6,4,0,"[3,2,0,0]",5,100,180,50,21,2598,446,0.007746831,True,True,2,0,True,True
path-6-4-skewed-101,path,skewed,6,4,1,"[2,1,1,1]",5,100,180,50,21,2598,446,0.007884105,True,True,2,0,True,True
path-6-4-skewed-101,path,skewed,6,4,2,"[0,0,2,3]",5,100,180,50,21,2598,446,0.00773912,True,True,2,0,True,True
path-6-4-skewed-202,path,skewed,6,4,0,"[3,2,0,0]",5,100,180,50,21,2598,446,0.008448863,True,True,28,0,True,True
path-6-4-skewed-202,path,skewed,6,4,1,"[2,1,1,1]",5,100,180,50,21,2598,446,0.007917785,True,True,28,0,True,True
path-6-4-skewed-202,path,skewed,6,4,2,"[0,0,2,3]",5,100,180,50,21,2598,446,0.007878356,True,True,28,28,True,True
path-6-6-balanced-101,path,balanced,6,6,0,"[3,3,3,0,0,0]",9,180,324,90,21,4632,816,0.011390741,True,True,0,0,True,True
path-6-6-balanced-101,path,balanced,6,6,1,"[2,2,2,1,1,1]",9,180,324,90,21,4632,816,0.011506703,True,True,0,0,True,True
path-6-6-balanced-101,path,balanced,6,6,2,"[0,0,0,3,3,3]",9,180,324,90,21,4632,816,0.011526503,True,True,0,0,True,True
path-6-6-balanced-202,path,balanced,6,6,0,"[3,3,3,0,0,0]",9,180,324,90,21,4632,816,0.011728162,True,True,0,0,True,True
path-6-6-balanced-202,path,balanced,6,6,1,"[2,2,2,1,1,1]",9,180,324,90,21,4632,816,0.011259226,True,True,0,0,True,True
path-6-6-balanced-202,path,balanced,6,6,2,"[0,0,0,3,3,3]",9,180,324,90,21,4632,816,0.011345223,True,True,0,0,True,True
path-6-6-skewed-101,path,skewed,6,6,0,"[3,3,3,0,0,0]",9,180,324,90,21,4630,814,0.011230383,True,True,54,30,True,True
path-6-6-skewed-101,path,skewed,6,6,1,"[2,2,2,1,1,1]",9,180,324,90,21,4630,814,0.011204164,True,True,54,0,True,True
path-6-6-skewed-101,path,skewed,6,6,2,"[0,0,0,3,3,3]",9,180,324,90,21,4630,814,0.010897699,True,True,54,0,True,True
path-6-6-skewed-202,path,skewed,6,6,0,"[3,3,3,0,0,0]",9,180,324,90,21,4630,814,0.011263802,True,True,42,0,True,True
path-6-6-skewed-202,path,skewed,6,6,1,"[2,2,2,1,1,1]",9,180,324,90,21,4630,814,0.011190453,True,True,42,0,True,True
path-6-6-skewed-202,path,skewed,6,6,2,"[0,0,0,3,3,3]",9,180,324,90,21,4630,814,0.011344152,True,True,42,12,True,True
path-7-4-balanced-101,path,balanced,7,4,0,"[3,2,0,0]",5,120,220,60,28,3162,508,0.028650555,True,True,0,0,True,True
path-7-4-balanced-101,path,balanced,7,4,1,"[2,1,1,1]",5,120,220,60,28,3162,508,0.030100127,True,True,0,0,True,True
path-7-4-balanced-101,path,balanced,7,4,2,"[0,0,2,3]",5,120,220,60,28,3162,508,0.029694255,True,True,0,0,True,True
path-7-4-balanced-202,path,balanced,7,4,0,"[3,2,0,0]",5,120,220,60,28,3162,508,0.028385161,True,True,0,0,True,True
path-7-4-balanced-202,path,balanced,7,4,1,"[2,1,1,1]",5,120,220,60,28,3162,508,0.030555904,True,True,0,0,True,True
path-7-4-balanced-202,path,balanced,7,4,2,"[0,0,2,3]",5,120,220,60,28,3162,508,0.0295363,True,True,0,0,True,True
path-7-4-skewed-101,path,skewed,7,4,0,"[3,2,0,0]",5,120,220,60,28,3160,506,0.030342637,True,True,46,4,True,True
path-7-4-skewed-101,path,skewed,7,4,1,"[2,1,1,1]",5,120,220,60,28,3160,506,0.032834447,True,True,46,0,True,True
path-7-4-skewed-101,path,skewed,7,4,2,"[0,0,2,3]",5,120,220,60,28,3160,506,0.032509975,True,True,46,0,True,True
path-7-4-skewed-202,path,skewed,7,4,0,"[3,2,0,0]",5,120,220,60,28,3160,506,0.030633488,True,True,18,12,True,True
path-7-4-skewed-202,path,skewed,7,4,1,"[2,1,1,1]",5,120,220,60,28,3160,506,0.030709051,True,True,18,0,True,True
path-7-4-skewed-202,path,skewed,7,4,2,"[0,0,2,3]",5,120,220,60,28,3160,506,0.029371065,True,True,18,0,True,True
path-7-6-balanced-101,path,balanced,7,6,0,"[3,3,3,0,0,0]",9,216,396,108,28,5642,932,0.045982687,True,True,0,0,True,True
path-7-6-balanced-101,path,balanced,7,6,1,"[2,2,2,1,1,1]",9,216,396,108,28,5642,932,0.053853191,True,True,0,0,True,True
path-7-6-balanced-101,path,balanced,7,6,2,"[0,0,0,3,3,3]",9,216,396,108,28,5642,932,0.0427585,True,True,0,0,True,True
path-7-6-balanced-202,path,balanced,7,6,0,"[3,3,3,0,0,0]",9,216,396,108,28,5642,932,0.04375496,True,True,0,0,True,True
path-7-6-balanced-202,path,balanced,7,6,1,"[2,2,2,1,1,1]",9,216,396,108,28,5642,932,0.044669507,True,True,0,0,True,True
path-7-6-balanced-202,path,balanced,7,6,2,"[0,0,0,3,3,3]",9,216,396,108,28,5642,932,0.044663418,True,True,0,0,True,True
path-7-6-skewed-101,path,skewed,7,6,0,"[3,3,3,0,0,0]",9,216,396,108,28,5640,930,0.044918937,True,True,36,0,True,True
path-7-6-skewed-101,path,skewed,7,6,1,"[2,2,2,1,1,1]",9,216,396,108,28,5640,930,0.045148438,True,True,36,0,True,True
path-7-6-skewed-101,path,skewed,7,6,2,"[0,0,0,3,3,3]",9,216,396,108,28,5640,930,0.042971236,True,True,36,0,True,True
path-7-6-skewed-202,path,skewed,7,6,0,"[3,3,3,0,0,0]",9,216,396,108,28,5640,930,0.042893089,True,True,60,12,True,True
path-7-6-skewed-202,path,skewed,7,6,1,"[2,2,2,1,1,1]",9,216,396,108,28,5640,930,0.043617205,True,True,60,0,True,True
path-7-6-skewed-202,path,skewed,7,6,2,"[0,0,0,3,3,3]",9,216,396,108,28,5640,930,0.044322812,True,True,60,12,True,True
star-4-4-balanced-101,star,balanced,4,4,0,"[3,2,0,0]",5,50,90,30,11,1326,298,0.000765026,True,True,12,0,True,True
star-4-4-balanced-101,star,balanced,4,4,1,"[2,1,1,1]",5,50,90,30,11,1326,298,0.000866968,True,True,12,0,True,True
star-4-4-balanced-101,star,balanced,4,4,2,"[0,0,2,3]",5,50,90,30,11,1326,298,0.000800328,True,True,12,4,True,True
star-4-4-balanced-202,star,balanced,4,4,0,"[3,2,0,0]",5,50,90,30,11,1326,298,0.000770203,True,True,12,4,True,True
star-4-4-balanced-202,star,balanced,4,4,1,"[2,1,1,1]",5,50,90,30,11,1326,298,0.000744655,True,True,12,4,True,True
star-4-4-balanced-202,star,balanced,4,4,2,"[0,0,2,3]",5,50,90,30,11,1326,298,0.000741762,True,True,12,0,True,True
star-4-4-skewed-101,star,skewed,4,4,0,"[3,2,0,0]",5,50,90,30,11,1324,296,0.000813438,True,True,12,0,True,True
star-4-4-skewed-101,star,skewed,4,4,1,"[2,1,1,1]",5,50,90,30,11,1324,296,0.00077478,True,True,12,0,True,True
star-4-4-skewed-101,star,skewed,4,4,2,"[0,0,2,3]",5,50,90,30,11,1324,296,0.00077464,True,True,12,0,True,True
star-4-4-skewed-202,star,skewed,4,4,0,"[3,2,0,0]",5,50,90,30,11,1324,296,0.000811825,True,True,16,10,True,True
star-4-4-skewed-202,star,skewed,4,4,1,"[2,1,1,1]",5,50,90,30,11,1324,296,0.000787809,True,True,16,2,True,True
star-4-4-skewed-202,star,skewed,4,4,2,"[0,0,2,3]",5,50,90,30,11,1324,296,0.000877532,True,True,16,0,True,True
star-4-6-balanced-101,star,balanced,4,6,0,"[3,3,3,0,0,0]",9,90,162,54,11,2342,530,0.001073003,True,True,12,12,True,True
star-4-6-balanced-101,star,balanced,4,6,1,"[2,2,2,1,1,1]",9,90,162,54,11,2342,530,0.001061365,True,True,12,0,True,True
star-4-6-balanced-101,star,balanced,4,6,2,"[0,0,0,3,3,3]",9,90,162,54,11,2342,530,0.001054987,True,True,12,0,True,True
star-4-6-balanced-202,star,balanced,4,6,0,"[3,3,3,0,0,0]",9,90,162,54,11,2342,530,0.001112261,True,True,12,0,True,True
star-4-6-balanced-202,star,balanced,4,6,1,"[2,2,2,1,1,1]",9,90,162,54,11,2342,530,0.001068286,True,True,12,0,True,True
star-4-6-balanced-202,star,balanced,4,6,2,"[0,0,0,3,3,3]",9,90,162,54,11,2342,530,0.002094309,True,True,12,0,True,True
star-4-6-skewed-101,star,skewed,4,6,0,"[3,3,3,0,0,0]",9,90,162,54,11,2340,528,0.001478555,True,True,12,0,True,True
star-4-6-skewed-101,star,skewed,4,6,1,"[2,2,2,1,1,1]",9,90,162,54,11,2340,528,0.001052743,True,True,12,0,True,True
star-4-6-skewed-101,star,skewed,4,6,2,"[0,0,0,3,3,3]",9,90,162,54,11,2340,528,0.001042277,True,True,12,0,True,True
star-4-6-skewed-202,star,skewed,4,6,0,"[3,3,3,0,0,0]",9,90,162,54,11,2340,528,0.00120544,True,True,30,0,True,True
star-4-6-skewed-202,star,skewed,4,6,1,"[2,2,2,1,1,1]",9,90,162,54,11,2340,528,0.001349754,True,True,30,0,True,True
star-4-6-skewed-202,star,skewed,4,6,2,"[0,0,0,3,3,3]",9,90,162,54,11,2340,528,0.001126052,True,True,30,12,True,True
star-5-4-balanced-101,star,balanced,5,4,0,"[3,2,0,0]",5,60,120,40,20,1738,328,0.001663099,True,True,0,0,True,True
star-5-4-balanced-101,star,balanced,5,4,1,"[2,1,1,1]",5,60,120,40,20,1738,328,0.001534648,True,True,0,0,True,True
star-5-4-balanced-101,star,balanced,5,4,2,"[0,0,2,3]",5,60,120,40,20,1738,328,0.001548469,True,True,0,0,True,True
star-5-4-balanced-202,star,balanced,5,4,0,"[3,2,0,0]",5,60,120,40,20,1738,328,0.001648648,True,True,32,20,True,True
star-5-4-balanced-202,star,balanced,5,4,1,"[2,1,1,1]",5,60,120,40,20,1738,328,0.001933751,True,True,32,8,True,True
star-5-4-balanced-202,star,balanced,5,4,2,"[0,0,2,3]",5,60,120,40,20,1738,328,0.001764129,True,True,32,16,True,True
star-5-4-skewed-101,star,skewed,5,4,0,"[3,2,0,0]",5,60,120,40,20,1736,326,0.001617342,True,True,0,0,True,True
star-5-4-skewed-101,star,skewed,5,4,1,"[2,1,1,1]",5,60,120,40,20,1736,326,0.001588097,True,True,0,0,True,True
star-5-4-skewed-101,star,skewed,5,4,2,"[0,0,2,3]",5,60,120,40,20,1736,326,0.0017514,True,True,0,0,True,True
star-5-4-skewed-202,star,skewed,5,4,0,"[3,2,0,0]",5,60,120,40,20,1736,326,0.001682869,True,True,6,6,True,True
star-5-4-skewed-202,star,skewed,5,4,1,"[2,1,1,1]",5,60,120,40,20,1736,326,0.001628187,True,True,6,0,True,True
star-5-4-skewed-202,star,skewed,5,4,2,"[0,0,2,3]",5,60,120,40,20,1736,326,0.001759101,True,True,6,0,True,True
star-5-6-balanced-101,star,balanced,5,6,0,"[3,3,3,0,0,0]",9,108,216,72,20,3082,592,0.002333284,True,True,24,24,True,True
star-5-6-balanced-101,star,balanced,5,6,1,"[2,2,2,1,1,1]",9,108,216,72,20,3082,592,0.002217572,True,True,24,0,True,True
star-5-6-balanced-101,star,balanced,5,6,2,"[0,0,0,3,3,3]",9,108,216,72,20,3082,592,0.002345432,True,True,24,0,True,True
star-5-6-balanced-202,star,balanced,5,6,0,"[3,3,3,0,0,0]",9,108,216,72,20,3082,592,0.002464219,True,True,48,24,True,True
star-5-6-balanced-202,star,balanced,5,6,1,"[2,2,2,1,1,1]",9,108,216,72,20,3082,592,0.00241143,True,True,48,0,True,True
star-5-6-balanced-202,star,balanced,5,6,2,"[0,0,0,3,3,3]",9,108,216,72,20,3082,592,0.00253277,True,True,48,0,True,True
star-5-6-skewed-101,star,skewed,5,6,0,"[3,3,3,0,0,0]",9,108,216,72,20,3080,590,0.003819641,True,True,24,12,True,True
star-5-6-skewed-101,star,skewed,5,6,1,"[2,2,2,1,1,1]",9,108,216,72,20,3080,590,0.002496156,True,True,24,0,True,True
star-5-6-skewed-101,star,skewed,5,6,2,"[0,0,0,3,3,3]",9,108,216,72,20,3080,590,0.002374856,True,True,24,0,True,True
star-5-6-skewed-202,star,skewed,5,6,0,"[3,3,3,0,0,0]",9,108,216,72,20,3080,590,0.002394865,True,True,18,12,True,True
star-5-6-skewed-202,star,skewed,5,6,1,"[2,2,2,1,1,1]",9,108,216,72,20,3080,590,0.002467333,True,True,18,4,True,True
star-5-6-skewed-202,star,skewed,5,6,2,"[0,0,0,3,3,3]",9,108,216,72,20,3080,590,0.002414205,True,True,18,12,True,True
star-6-4-balanced-101,star,balanced,6,4,0,"[3,2,0,0]",5,70,150,50,37,2150,358,0.004188418,True,True,12,12,True,True
star-6-4-balanced-101,star,balanced,6,4,1,"[2,1,1,1]",5,70,150,50,37,2150,358,0.003906089,True,True,12,0,True,True
star-6-4-balanced-101,star,balanced,6,4,2,"[0,0,2,3]",5,70,150,50,37,2150,358,0.003975192,True,True,12,0,True,True
star-6-4-balanced-202,star,balanced,6,4,0,"[3,2,0,0]",5,70,150,50,37,2150,358,0.004265603,True,True,12,0,True,True
star-6-4-balanced-202,star,balanced,6,4,1,"[2,1,1,1]",5,70,150,50,37,2150,358,0.004652377,True,True,12,0,True,True
star-6-4-balanced-202,star,balanced,6,4,2,"[0,0,2,3]",5,70,150,50,37,2150,358,0.003992678,True,True,12,0,True,True
star-6-4-skewed-101,star,skewed,6,4,0,"[3,2,0,0]",5,70,150,50,37,2148,356,0.004447793,True,True,12,10,True,True
star-6-4-skewed-101,star,skewed,6,4,1,"[2,1,1,1]",5,70,150,50,37,2148,356,0.004532699,True,True,12,0,True,True
star-6-4-skewed-101,star,skewed,6,4,2,"[0,0,2,3]",5,70,150,50,37,2148,356,0.00411568,True,True,12,0,True,True
star-6-4-skewed-202,star,skewed,6,4,0,"[3,2,0,0]",5,70,150,50,37,2148,356,0.004259894,True,True,12,0,True,True
star-6-4-skewed-202,star,skewed,6,4,1,"[2,1,1,1]",5,70,150,50,37,2148,356,0.004121219,True,True,12,0,True,True
star-6-4-skewed-202,star,skewed,6,4,2,"[0,0,2,3]",5,70,150,50,37,2148,356,0.003908202,True,True,12,8,True,True
star-6-6-balanced-101,star,balanced,6,6,0,"[3,3,3,0,0,0]",9,126,270,90,37,3822,654,0.005895472,True,True,48,24,True,True
star-6-6-balanced-101,star,balanced,6,6,1,"[2,2,2,1,1,1]",9,126,270,90,37,3822,654,0.005747984,True,True,48,0,True,True
star-6-6-balanced-101,star,balanced,6,6,2,"[0,0,0,3,3,3]",9,126,270,90,37,3822,654,0.005973288,True,True,48,0,True,True
star-6-6-balanced-202,star,balanced,6,6,0,"[3,3,3,0,0,0]",9,126,270,90,37,3822,654,0.007086671,True,True,48,24,True,True
star-6-6-balanced-202,star,balanced,6,6,1,"[2,2,2,1,1,1]",9,126,270,90,37,3822,654,0.006565587,True,True,48,8,True,True
star-6-6-balanced-202,star,balanced,6,6,2,"[0,0,0,3,3,3]",9,126,270,90,37,3822,654,0.006140637,True,True,48,12,True,True
star-6-6-skewed-101,star,skewed,6,6,0,"[3,3,3,0,0,0]",9,126,270,90,37,3820,652,0.006416496,True,True,24,12,True,True
star-6-6-skewed-101,star,skewed,6,6,1,"[2,2,2,1,1,1]",9,126,270,90,37,3820,652,0.006408384,True,True,24,0,True,True
star-6-6-skewed-101,star,skewed,6,6,2,"[0,0,0,3,3,3]",9,126,270,90,37,3820,652,0.00643974,True,True,24,0,True,True
star-6-6-skewed-202,star,skewed,6,6,0,"[3,3,3,0,0,0]",9,126,270,90,37,3820,652,0.006133006,True,True,12,12,True,True
star-6-6-skewed-202,star,skewed,6,6,1,"[2,2,2,1,1,1]",9,126,270,90,37,3820,652,0.008120706,True,True,12,0,True,True
star-6-6-skewed-202,star,skewed,6,6,2,"[0,0,0,3,3,3]",9,126,270,90,37,3820,652,0.005511472,True,True,12,0,True,True
star-7-4-balanced-101,star,balanced,7,4,0,"[3,2,0,0]",5,80,180,60,70,2562,388,0.01024541,True,True,20,4,True,True
star-7-4-balanced-101,star,balanced,7,4,1,"[2,1,1,1]",5,80,180,60,70,2562,388,0.011032439,True,True,20,0,True,True
star-7-4-balanced-101,star,balanced,7,4,2,"[0,0,2,3]",5,80,180,60,70,2562,388,0.010219302,True,True,20,4,True,True
star-7-4-balanced-202,star,balanced,7,4,0,"[3,2,0,0]",5,80,180,60,70,2562,388,0.009795983,True,True,0,0,True,True
star-7-4-balanced-202,star,balanced,7,4,1,"[2,1,1,1]",5,80,180,60,70,2562,388,0.009766689,True,True,0,0,True,True
star-7-4-balanced-202,star,balanced,7,4,2,"[0,0,2,3]",5,80,180,60,70,2562,388,0.009488897,True,True,0,0,True,True
star-7-4-skewed-101,star,skewed,7,4,0,"[3,2,0,0]",5,80,180,60,70,2560,386,0.012152442,True,True,12,10,True,True
star-7-4-skewed-101,star,skewed,7,4,1,"[2,1,1,1]",5,80,180,60,70,2560,386,0.012631883,True,True,12,0,True,True
star-7-4-skewed-101,star,skewed,7,4,2,"[0,0,2,3]",5,80,180,60,70,2560,386,0.01207677,True,True,12,0,True,True
star-7-4-skewed-202,star,skewed,7,4,0,"[3,2,0,0]",5,80,180,60,70,2560,386,0.011449759,True,True,20,6,True,True
star-7-4-skewed-202,star,skewed,7,4,1,"[2,1,1,1]",5,80,180,60,70,2560,386,0.01175409,True,True,20,0,True,True
star-7-4-skewed-202,star,skewed,7,4,2,"[0,0,2,3]",5,80,180,60,70,2560,386,0.011174329,True,True,20,12,True,True
star-7-6-balanced-101,star,balanced,7,6,0,"[3,3,3,0,0,0]",9,144,324,108,70,4562,716,0.015426282,True,True,24,0,True,True
star-7-6-balanced-101,star,balanced,7,6,1,"[2,2,2,1,1,1]",9,144,324,108,70,4562,716,0.015301026,True,True,24,0,True,True
star-7-6-balanced-101,star,balanced,7,6,2,"[0,0,0,3,3,3]",9,144,324,108,70,4562,716,0.015466602,True,True,24,12,True,True
star-7-6-balanced-202,star,balanced,7,6,0,"[3,3,3,0,0,0]",9,144,324,108,70,4562,716,0.015362157,True,True,12,12,True,True
star-7-6-balanced-202,star,balanced,7,6,1,"[2,2,2,1,1,1]",9,144,324,108,70,4562,716,0.015645238,True,True,12,4,True,True
star-7-6-balanced-202,star,balanced,7,6,2,"[0,0,0,3,3,3]",9,144,324,108,70,4562,716,0.015945343,True,True,12,0,True,True
star-7-6-skewed-101,star,skewed,7,6,0,"[3,3,3,0,0,0]",9,144,324,108,70,4560,714,0.017689402,True,True,36,0,True,True
star-7-6-skewed-101,star,skewed,7,6,1,"[2,2,2,1,1,1]",9,144,324,108,70,4560,714,0.017386222,True,True,36,0,True,True
star-7-6-skewed-101,star,skewed,7,6,2,"[0,0,0,3,3,3]",9,144,324,108,70,4560,714,0.018501097,True,True,36,24,True,True
star-7-6-skewed-202,star,skewed,7,6,0,"[3,3,3,0,0,0]",9,144,324,108,70,4560,714,0.016702987,True,True,18,12,True,True
star-7-6-skewed-202,star,skewed,7,6,1,"[2,2,2,1,1,1]",9,144,324,108,70,4560,714,0.016918788,True,True,18,0,True,True
star-7-6-skewed-202,star,skewed,7,6,2,"[0,0,0,3,3,3]",9,144,324,108,70,4560,714,0.016301802,True,True,18,0,True,True
