case,family,regime,n,k,integer_worlds,vertices,plans,unique_profiles,regret,point_regret,worst_cost_regret,box_regret,local_regret,box_claim,support_calls,expansions,root_frontier,max_frontier,states,component_frontier,component_expansions,certificate_bytes,checker_records,sql_profile_checks,sql_plan_world_checks,producer_cpu_s,checker_cpu_s,oracle_cpu_s,baseline_cpu_s,sql_cpu_s,case_cpu_s,case_wall_s,maxrss_kib,oracle_match,checker_accepted
branch-4-4-balanced-101,branch,balanced,4,4,40,12,5,3,0,0,0,0,0,0,38,10,1,1,10,1,10,1760,10,40,10,0.000720583,0.000944526,0.001911867,0.000325164,0.00257181,0.007968938,0.007967767,94892,True,True
branch-4-4-balanced-202,branch,balanced,4,4,40,12,5,3,0,0,0,0,0,0,38,10,1,1,10,1,10,1760,10,40,10,0.000549899,0.000689246,0.001519653,0.000274879,0.004367655,0.008901206,0.008902545,95148,True,True
branch-4-4-skewed-101,branch,skewed,4,4,40,12,5,5,0,0,0,0,0,0,40,10,1,1,10,1,10,1759,10,40,10,0.000667304,0.000661686,0.001628345,0.000277563,0.002084674,0.006736672,0.006751565,95276,True,True
branch-4-4-skewed-202,branch,skewed,4,4,40,12,5,5,0,0,0,0,0,0,42,10,1,1,10,1,10,1758,10,40,10,0.000614185,0.000874602,0.001481957,0.000271424,0.002046588,0.006655943,0.006666097,95276,True,True
branch-4-6-balanced-101,branch,balanced,4,6,580,20,5,3,0,0,0,0,0,0,38,10,1,1,10,1,10,1844,10,60,10,0.00085227,0.000881934,0.003707401,0.000306146,0.003857585,0.012208292,0.012219408,95404,True,True
branch-4-6-balanced-202,branch,balanced,4,6,580,20,5,3,0,0,0,0,0,0,38,10,1,1,10,1,10,1844,10,60,10,0.000824018,0.000890737,0.003564208,0.000304163,0.00357898,0.011023988,0.011037278,95404,True,True
branch-4-6-skewed-101,branch,skewed,4,6,580,20,5,5,0,0,0,0,0,12,40,10,1,1,10,2,10,1845,10,60,10,0.000824518,0.00091997,0.004372152,0.000332966,0.003675914,0.01200613,0.012018055,95532,True,True
branch-4-6-skewed-202,branch,skewed,4,6,580,20,5,5,0,0,0,0,0,0,42,10,1,1,10,2,10,1842,10,60,10,0.000823346,0.000877207,0.004093086,0.000316922,0.003852487,0.011985038,0.011998276,95532,True,True
branch-5-4-balanced-101,branch,balanced,5,4,40,12,18,7,4,4,4,4,4,4,82,25,2,2,17,2,25,3099,25,68,2,0.001232336,0.00159141,0.002780171,0.001039878,0.001616407,0.011473157,0.011512373,95788,True,True
branch-5-4-balanced-202,branch,balanced,5,4,40,12,18,7,0,0,0,0,0,0,76,25,1,1,17,1,25,3051,25,68,2,0.001515407,0.001559382,0.002721132,0.000886871,0.001308549,0.011248562,0.011263859,95916,True,True
branch-5-4-skewed-101,branch,skewed,5,4,40,12,18,18,22,22,34,22,22,36,212,31,6,6,17,6,31,3454,31,68,4,0.001603627,0.001641034,0.002904125,0.000901543,0.00160547,0.011989655,0.012003984,95916,True,True
branch-5-4-skewed-202,branch,skewed,5,4,40,12,18,18,6,6,10,12,6,38,144,30,3,3,17,4,30,3273,30,68,9,0.001302159,0.001607664,0.00273959,0.000876705,0.003243681,0.012924918,0.01293803,95916,True,True
branch-5-6-balanced-101,branch,balanced,5,6,580,20,18,7,12,12,12,12,12,12,82,25,2,2,17,2,25,3244,25,102,3,0.001668304,0.002190432,0.006056019,0.001090685,0.002698629,0.017907779,0.017922586,96044,True,True
branch-5-6-balanced-202,branch,balanced,5,6,580,20,18,7,0,0,0,0,0,0,79,25,1,1,17,2,25,3193,25,102,2,0.00163859,0.002714562,0.006072814,0.001050635,0.001860581,0.017381425,0.017398495,96044,True,True
branch-5-6-skewed-101,branch,skewed,5,6,580,20,18,18,30,30,30,30,30,66,234,30,7,7,17,9,32,3642,30,102,2,0.001948092,0.002288058,0.008845012,0.000986138,0.001851988,0.020373481,0.020386745,96172,True,True
branch-5-6-skewed-202,branch,skewed,5,6,580,20,18,18,12,12,54,12,12,60,106,27,3,3,17,6,31,3351,27,102,4,0.001754704,0.002226445,0.008856961,0.000969334,0.002075661,0.020079273,0.020090899,96172,True,True
branch-6-4-balanced-101,branch,balanced,6,4,40,12,56,17,0,0,0,0,0,0,121,44,1,1,24,1,44,4448,44,96,2,0.002627403,0.005471468,0.004174026,0.004113295,0.001814382,0.026372545,0.02639459,96300,True,True
branch-6-4-balanced-202,branch,balanced,6,4,40,12,56,19,0,0,0,0,0,0,120,44,1,1,24,2,44,4452,44,96,2,0.002419794,0.005376147,0.003739079,0.004076781,0.001637238,0.025598403,0.025609549,96300,True,True
branch-6-4-skewed-101,branch,skewed,6,4,40,12,56,56,20,20,20,20,20,24,369,65,6,6,24,7,66,5237,65,96,3,0.002931585,0.005369166,0.004559039,0.004104392,0.002245013,0.027651389,0.027663782,96300,True,True
branch-6-4-skewed-202,branch,skewed,6,4,40,12,56,56,10,10,10,10,10,24,275,63,2,4,24,3,63,4988,63,96,3,0.002949824,0.0052981,0.047265619,0.004155709,0.00286049,0.071793248,0.071806385,96556,True,True
branch-6-6-balanced-101,branch,balanced,6,6,580,20,56,17,0,0,0,0,0,0,121,44,1,1,24,1,44,4659,44,144,2,0.003664227,0.013110265,0.011228642,0.006579459,0.003316218,0.052667834,0.052687638,96556,True,True
branch-6-6-balanced-202,branch,balanced,6,6,580,20,56,19,0,0,0,0,0,0,120,44,1,1,24,2,44,4660,44,144,2,0.003601905,0.007788609,0.010991508,0.004410748,0.002612451,0.040628846,0.040645828,96556,True,True
branch-6-6-skewed-101,branch,skewed,6,6,580,20,56,56,24,24,24,24,24,54,326,60,4,4,24,10,67,5221,60,144,3,0.003730424,0.007981927,0.020981016,0.004668653,0.00351818,0.052802173,0.05281435,96556,True,True
branch-6-6-skewed-202,branch,skewed,6,6,580,20,56,56,12,12,12,12,12,12,248,56,2,2,24,4,64,5011,56,144,3,0.004024634,0.007837092,0.021239601,0.004522836,0.004429527,0.054519793,0.054535742,96556,True,True
branch-7-4-balanced-101,branch,balanced,7,4,40,12,248,68,20,28,20,20,20,20,232,88,2,2,37,5,92,7292,88,148,6,0.004783252,0.014452283,0.007954716,0.065612321,0.003278493,0.116013972,0.116131913,96812,True,True
branch-7-4-balanced-202,branch,balanced,7,4,40,12,248,68,24,24,24,24,24,24,287,92,2,2,37,5,94,7445,92,148,3,0.004875772,0.014600283,0.007451107,0.07047938,0.002955822,0.120142871,0.120156022,96940,True,True
branch-7-4-skewed-101,branch,skewed,7,4,40,12,248,248,52,70,52,52,52,64,1125,134,11,11,37,11,136,9014,134,148,6,0.00601703,0.015031205,0.010195944,0.067432823,0.003301167,0.124593618,0.124617109,96940,True,True
branch-7-4-skewed-202,branch,skewed,7,4,40,12,248,248,46,46,108,46,46,114,664,121,5,5,37,6,125,8356,121,148,6,0.006292331,0.015152355,0.010988815,0.070061618,0.00494232,0.128746033,0.128761458,96940,True,True
branch-7-6-balanced-101,branch,balanced,7,6,580,20,248,84,36,36,36,36,36,48,306,92,3,3,37,12,98,7822,92,222,3,0.006767678,0.021321313,0.033778904,0.06992254,0.004267044,0.165018089,0.165056316,96940,True,True
branch-7-6-balanced-202,branch,balanced,7,6,580,20,248,89,48,48,84,48,48,72,395,96,3,3,37,11,101,7956,96,222,6,0.006925604,0.021534219,0.037045789,0.070251351,0.005894668,0.17077998,0.17080422,96940,True,True
branch-7-6-skewed-101,branch,skewed,7,6,580,20,248,248,150,150,162,150,150,228,1300,140,12,12,37,24,165,9622,140,222,6,0.008725814,0.021823791,0.084207225,0.068735153,0.005353423,0.223295809,0.223317297,97196,True,True
branch-7-6-skewed-202,branch,skewed,7,6,580,20,248,248,84,84,150,84,84,174,947,136,8,8,37,15,153,9248,136,222,6,0.008869329,0.021578956,0.079258985,0.075741476,0.00641903,0.222880441,0.22296075,97324,True,True
commerce-303-0,commerce,unfiltered,7,4,40,12,200,6,0,0,0,0,0,0,179,77,1,1,34,1,77,6515,77,136,2,0.003059796,0.007221744,0.00556659,0.042788963,0.002916654,0.072913895,0.072931749,97452,True,True
commerce-303-1,commerce,filtered,7,4,40,12,200,80,13,13,13,13,13,68,250,81,2,2,34,2,81,6679,81,136,3,0.003590648,0.004226575,0.007132102,0.042432682,0.002636306,0.067877476,0.067895907,97452,True,True
commerce-404-0,commerce,unfiltered,7,4,40,12,200,6,0,0,0,0,0,0,179,77,1,1,34,1,77,6515,77,136,2,0.003089451,0.007262966,0.006021397,0.043429466,0.001969443,0.073255514,0.073279012,97452,True,True
commerce-404-1,commerce,filtered,7,4,40,12,200,108,14,17,17,14,16,38,720,114,4,4,34,4,114,7613,114,136,9,0.004021949,0.005047848,0.00798376,0.043240134,0.003651869,0.071757783,0.071800356,97452,True,True
commerce-505-0,commerce,unfiltered,7,4,40,12,200,6,0,0,0,0,0,0,179,77,1,1,34,1,77,6515,77,136,2,0.003061669,0.007226051,0.005533331,0.042318452,0.003355837,0.073219981,0.073233223,97452,True,True
commerce-505-1,commerce,filtered,7,4,40,12,200,110,5,8,24,8,8,56,651,114,4,4,34,4,114,7603,114,136,6,0.003647882,0.004661552,0.007164129,0.042730756,0.002554263,0.068704036,0.06873472,97452,True,True
path-4-4-balanced-101,path,balanced,4,4,40,12,5,3,0,0,0,0,0,0,37,10,1,1,10,1,10,1758,10,40,10,0.000738239,0.000749386,0.001455618,0.000487336,0.002199025,0.007086703,0.007097757,97452,True,True
path-4-4-balanced-202,path,balanced,4,4,40,12,5,3,0,0,0,0,0,0,37,10,1,1,10,1,10,1758,10,40,10,0.000570869,0.000809957,0.001615737,0.000574956,0.002579422,0.007594469,0.007602116,97452,True,True
path-4-4-skewed-101,path,skewed,4,4,40,12,5,5,10,10,10,10,10,16,44,10,2,2,10,2,10,1803,10,40,15,0.000546554,0.001363901,0.001547554,0.000292025,0.003296249,0.008513699,0.00852128,97452,True,True
path-4-4-skewed-202,path,skewed,4,4,40,12,5,5,6,6,6,6,6,10,44,10,2,2,10,2,10,1801,10,40,15,0.000656939,0.001078016,0.001514325,0.000292135,0.003067879,0.008010971,0.008018403,97452,True,True
path-4-6-balanced-101,path,balanced,4,6,580,20,5,3,0,0,0,0,0,0,37,10,1,1,10,1,10,1842,10,60,10,0.000938739,0.000904246,0.003756935,0.000329801,0.003871635,0.011597192,0.011605063,97452,True,True
path-4-6-balanced-202,path,balanced,4,6,580,20,5,3,0,0,0,0,0,0,37,10,1,1,10,1,10,1842,10,60,10,0.000779,0.000938007,0.0036932,0.000324323,0.003808081,0.011420978,0.011431161,97452,True,True
path-4-6-skewed-101,path,skewed,4,6,580,20,5,5,24,24,24,24,24,30,44,10,2,2,10,3,10,1891,10,60,15,0.000738179,0.000927891,0.004301136,0.000296581,0.005248156,0.01330887,0.013319123,97452,True,True
path-4-6-skewed-202,path,skewed,4,6,580,20,5,5,0,0,0,0,0,12,38,10,1,1,10,2,10,1840,10,60,10,0.000758029,0.000980089,0.004211602,0.000299355,0.003664167,0.011742257,0.011750612,97452,True,True
path-5-4-balanced-101,path,balanced,5,4,40,12,14,5,0,0,0,0,0,0,60,20,1,1,15,1,20,2676,20,60,2,0.001425592,0.002019227,0.002116462,0.0011211,0.001431001,0.011688146,0.011697152,97452,True,True
path-5-4-balanced-202,path,balanced,5,4,40,12,14,5,0,0,0,0,0,0,60,20,1,1,15,1,20,2676,20,60,2,0.001221119,0.002374266,0.002470249,0.00073829,0.00142337,0.011669108,0.011678113,97452,True,True
path-5-4-skewed-101,path,skewed,5,4,40,12,14,14,16,16,16,16,16,38,91,24,2,2,15,2,24,2827,24,60,3,0.001350582,0.002141258,0.00232995,0.000739071,0.0022096,0.012226509,0.012251326,97452,True,True
path-5-4-skewed-202,path,skewed,5,4,40,12,14,14,12,12,12,12,12,12,75,21,2,2,15,2,21,2755,21,60,3,0.001424051,0.001966198,0.002285724,0.000714353,0.002003814,0.01182498,0.011834859,97452,True,True
path-5-6-balanced-101,path,balanced,5,6,580,20,14,5,0,0,0,0,0,0,60,20,1,1,15,1,20,2808,20,90,2,0.001746151,0.002902223,0.00519075,0.000744879,0.002399844,0.017684807,0.017694011,97452,True,True
path-5-6-balanced-202,path,balanced,5,6,580,20,14,5,0,0,0,0,0,0,60,20,1,1,15,1,20,2807,20,90,2,0.001701354,0.002810645,0.005015239,0.000735375,0.002220547,0.017194648,0.017206037,97452,True,True
path-5-6-skewed-101,path,skewed,5,6,580,20,14,14,54,54,54,54,54,72,93,24,2,2,15,2,24,2966,24,90,3,0.001855885,0.002868582,0.008748258,0.001012328,0.004245482,0.024204707,0.024214889,97452,True,True
path-5-6-skewed-202,path,skewed,5,6,580,20,14,14,36,36,42,36,36,54,82,22,2,2,15,2,22,2917,22,90,6,0.002126527,0.003566001,0.00853474,0.000861604,0.005284159,0.026555837,0.026561513,97452,True,True
path-6-4-balanced-101,path,balanced,6,4,40,12,42,12,0,0,0,0,0,0,98,35,1,1,21,1,35,3850,35,84,2,0.002972177,0.008117729,0.003421926,0.003043803,0.002018385,0.030501504,0.030503137,97452,True,True
path-6-4-balanced-202,path,balanced,6,4,40,12,42,12,0,0,0,0,0,0,98,35,1,1,21,1,35,3850,35,84,2,0.002715383,0.008199461,0.004300725,0.003221398,0.002054229,0.030787129,0.030797941,97452,True,True
path-6-4-skewed-101,path,skewed,6,4,40,12,42,42,2,2,2,2,2,10,139,37,3,3,21,3,38,4000,37,84,3,0.00249817,0.008663742,0.004236799,0.002838878,0.00280042,0.031129229,0.031141298,97452,True,True
path-6-4-skewed-202,path,skewed,6,4,40,12,42,42,28,28,28,28,28,46,167,41,3,3,21,4,41,4116,41,84,2,0.002807391,0.008097769,0.004240124,0.002886879,0.001882374,0.030308567,0.030319771,97452,True,True
path-6-6-balanced-101,path,balanced,6,6,580,20,42,12,0,0,0,0,0,0,98,35,1,1,21,1,35,4030,35,126,2,0.003623586,0.011500887,0.009185259,0.003408355,0.003071374,0.046162866,0.0461729,97452,True,True
path-6-6-balanced-202,path,balanced,6,6,580,20,42,12,0,0,0,0,0,0,98,35,1,1,21,1,35,4030,35,126,2,0.0037202,0.010661347,0.008441972,0.002965196,0.004224492,0.047437435,0.04749514,97452,True,True
path-6-6-skewed-101,path,skewed,6,6,580,20,42,42,54,54,54,54,54,72,162,46,2,2,21,6,47,4325,46,126,3,0.003849623,0.011225878,0.01784789,0.003321967,0.004001369,0.055152414,0.055163546,97452,True,True
path-6-6-skewed-202,path,skewed,6,6,580,20,42,42,42,42,42,42,42,96,182,46,3,3,21,4,49,4397,46,126,3,0.004287195,0.01197925,0.019382685,0.003456308,0.005032023,0.060236056,0.060655856,97452,True,True
path-7-4-balanced-101,path,balanced,7,4,40,12,132,24,0,0,0,0,0,0,144,56,1,1,28,1,56,5316,56,112,2,0.005789012,0.032391098,0.005829882,0.021806245,0.004020317,0.107957173,0.107988422,97580,True,True
path-7-4-balanced-202,path,balanced,7,4,40,12,132,24,0,0,0,0,0,0,144,56,1,1,28,1,56,5316,56,112,2,0.005645438,0.029928305,0.005582473,0.021179731,0.003703926,0.101246094,0.101259415,97580,True,True
path-7-4-skewed-101,path,skewed,7,4,40,12,132,132,46,46,46,46,46,118,255,71,3,4,28,3,76,5842,71,112,3,0.006151721,0.02950481,0.008372559,0.020672175,0.006471838,0.108283709,0.108367183,97580,True,True
path-7-4-skewed-202,path,skewed,7,4,40,12,132,122,18,18,18,24,18,66,312,82,3,4,28,5,88,6082,82,112,6,0.00651302,0.030312162,0.007106744,0.021341532,0.008000063,0.109564227,0.109579087,97580,True,True
path-7-6-balanced-101,path,balanced,7,6,580,20,132,24,0,0,0,0,0,0,144,56,1,1,28,1,56,5554,56,168,2,0.007496655,0.043484648,0.015422898,0.021463104,0.005194866,0.145330651,0.145382925,97580,True,True
path-7-6-balanced-202,path,balanced,7,6,580,20,132,24,0,0,0,0,0,0,144,56,1,1,28,1,56,5554,56,168,2,0.008227262,0.044649804,0.014782955,0.022036328,0.005248846,0.14598811,0.146005472,97708,True,True
path-7-6-skewed-101,path,skewed,7,6,580,20,132,132,36,36,36,72,36,156,255,71,3,3,28,6,95,6086,71,168,6,0.008066412,0.042738177,0.0461844,0.02234723,0.012974933,0.18704257,0.187071253,97836,True,True
path-7-6-skewed-202,path,skewed,7,6,580,20,132,132,60,78,120,78,78,168,359,86,4,4,28,7,96,6496,86,168,9,0.009665895,0.043168337,0.04653385,0.021911932,0.015892728,0.188885694,0.188906866,97836,True,True
star-4-4-balanced-101,star,balanced,4,4,40,12,6,3,12,12,12,12,12,12,46,12,2,2,11,2,12,1972,12,44,18,0.000566004,0.000637729,0.001722495,0.000315129,0.00390844,0.008425949,0.008440238,97836,True,True
star-4-4-balanced-202,star,balanced,4,4,40,12,6,3,12,12,12,12,12,20,44,12,2,2,11,2,12,1971,12,44,18,0.000538171,0.000594616,0.001664068,0.000296992,0.002544308,0.006898863,0.00691437,97836,True,True
star-4-4-skewed-101,star,skewed,4,4,40,12,6,6,12,12,12,12,12,26,83,14,4,4,11,4,14,2108,14,44,18,0.000633223,0.000626063,0.001536558,0.000327087,0.003030292,0.007513509,0.007522035,97836,True,True
star-4-4-skewed-202,star,skewed,4,4,40,12,6,6,16,16,16,16,16,30,133,15,6,6,11,6,15,2231,15,44,18,0.000756817,0.000641386,0.001536939,0.00030214,0.003359102,0.008091531,0.008099004,97836,True,True
star-4-6-balanced-101,star,balanced,4,6,580,20,6,3,12,12,12,12,12,12,55,12,3,3,11,3,12,2120,12,66,18,0.000759993,0.000759601,0.003673351,0.000334248,0.004398962,0.011608308,0.01161648,97836,True,True
star-4-6-balanced-202,star,balanced,4,6,580,20,6,3,12,12,12,12,12,36,44,12,2,2,11,2,12,2068,12,66,18,0.000692211,0.000978447,0.00374036,0.000341078,0.004668532,0.012023426,0.012053358,97836,True,True
star-4-6-skewed-101,star,skewed,4,6,580,20,6,6,12,12,12,12,12,30,65,13,3,3,11,4,14,2145,13,66,18,0.000746933,0.000816166,0.004434254,0.000358003,0.004856733,0.013219597,0.01322983,97836,True,True
star-4-6-skewed-202,star,skewed,4,6,580,20,6,6,30,30,30,30,30,60,133,15,6,6,11,6,15,2341,15,66,18,0.001028892,0.000811808,0.004447814,0.000342039,0.004594312,0.013079347,0.01309078,97836,True,True
star-5-4-balanced-101,star,balanced,5,4,40,12,24,9,0,0,0,0,0,24,92,32,1,1,20,1,32,3593,32,80,2,0.001228359,0.001330672,0.002633862,0.001182981,0.001225044,0.010317024,0.010326579,97836,True,True
star-5-4-balanced-202,star,balanced,5,4,40,12,24,10,32,36,32,36,36,40,155,35,5,5,20,5,35,3864,35,80,6,0.001268708,0.001420065,0.002583428,0.00121526,0.002297141,0.011854913,0.011863453,97836,True,True
star-5-4-skewed-101,star,skewed,5,4,40,12,24,18,0,0,0,0,0,38,223,44,1,6,20,1,44,3885,44,80,2,0.001487766,0.001415839,0.00271993,0.001182691,0.000996985,0.010733625,0.010742435,97836,True,True
star-5-4-skewed-202,star,skewed,5,4,40,12,24,22,6,6,10,10,6,42,173,44,2,2,20,2,44,3911,44,80,4,0.001383771,0.001434376,0.002831497,0.001182972,0.001236001,0.010969626,0.010977098,97836,True,True
star-5-6-balanced-101,star,balanced,5,6,580,20,24,12,24,24,48,24,24,84,155,36,4,4,20,4,36,4034,36,120,4,0.001757777,0.001856905,0.008280091,0.001500254,0.002390721,0.019596904,0.019615293,97836,True,True
star-5-6-balanced-202,star,balanced,5,6,580,20,24,12,48,48,48,48,48,108,245,38,7,7,20,8,38,4249,38,120,6,0.002178224,0.001917055,0.007542884,0.00147695,0.003716175,0.020919944,0.020981501,97836,True,True
star-5-6-skewed-101,star,skewed,5,6,580,20,24,24,24,24,24,24,24,60,384,52,6,6,20,10,59,4535,52,120,3,0.002319014,0.001985968,0.011914043,0.001421447,0.00267301,0.025495409,0.025505502,97836,True,True
star-5-6-skewed-202,star,skewed,5,6,580,20,24,24,18,18,18,24,18,72,359,55,5,6,20,8,59,4529,55,120,6,0.002405542,0.00200794,0.0108778,0.001413875,0.003173827,0.02450362,0.024523574,97836,True,True
star-6-4-balanced-101,star,balanced,6,4,40,12,120,37,12,12,12,12,12,20,386,101,4,4,37,4,101,7631,101,148,3,0.003309568,0.003837244,0.005527612,0.015007009,0.001744237,0.036714456,0.036729562,97836,True,True
star-6-4-balanced-202,star,balanced,6,4,40,12,120,33,12,12,20,12,12,84,320,100,2,3,37,2,100,7485,100,148,6,0.002837887,0.003529777,0.005148738,0.014800411,0.003517598,0.036451235,0.036465485,97836,True,True
star-6-4-skewed-101,star,skewed,6,4,40,12,120,59,12,12,12,12,12,98,1016,169,5,8,37,5,169,9249,169,148,3,0.004415406,0.00390162,0.005622924,0.014841813,0.001930065,0.039200469,0.039216596,97836,True,True
star-6-4-skewed-202,star,skewed,6,4,40,12,120,72,12,12,20,20,20,94,676,137,4,5,37,4,137,8455,137,148,9,0.004118373,0.003911165,0.007148286,0.014947349,0.003758277,0.041422707,0.04145042,97836,True,True
star-6-6-balanced-101,star,balanced,6,6,580,20,120,55,48,48,48,48,48,48,857,127,8,9,37,9,127,8955,127,222,6,0.005563626,0.005194696,0.021745704,0.015765928,0.003050262,0.062311546,0.062334433,97836,True,True
star-6-6-balanced-202,star,balanced,6,6,580,20,120,48,48,48,72,48,48,192,1266,136,12,12,37,12,140,9432,136,222,6,0.006364087,0.005341064,0.020964391,0.016533793,0.004456226,0.065216151,0.065229732,97836,True,True
star-6-6-skewed-101,star,skewed,6,6,580,20,120,96,24,24,24,48,24,126,1422,189,8,8,37,13,218,10261,189,222,6,0.007717503,0.005489365,0.033772575,0.01597468,0.003535615,0.079553403,0.079568882,97836,True,True
star-6-6-skewed-202,star,skewed,6,6,580,20,120,96,12,12,12,12,12,114,743,136,6,7,37,7,154,8933,136,222,3,0.004853798,0.00511007,0.03346062,0.016025405,0.002918987,0.072867516,0.072890948,97836,True,True
star-7-4-balanced-101,star,balanced,7,4,40,12,720,194,20,20,20,20,20,20,1581,310,5,8,70,5,310,17040,310,280,3,0.008905903,0.01048152,0.01406055,0.534858598,0.002344432,0.58962629,0.589672186,98220,True,True
star-7-4-balanced-202,star,balanced,7,4,40,12,720,260,0,0,0,0,0,12,630,228,1,5,70,1,228,14654,228,280,2,0.006215056,0.009397815,0.015042932,0.520991177,0.001583758,0.571659232,0.571705956,98604,True,True
star-7-4-skewed-101,star,skewed,7,4,40,12,720,278,12,12,12,12,12,18,5198,571,10,18,70,10,571,23605,571,280,3,0.017175278,0.011470362,0.017067067,0.532613631,0.002359694,0.606683187,0.606773289,98732,True,True
star-7-4-skewed-202,star,skewed,7,4,40,12,720,310,20,20,20,20,20,26,3870,511,7,15,70,8,525,21835,511,280,3,0.013533344,0.011199189,0.01562519,0.538532149,0.0024174,0.604445339,0.604479663,98860,True,True
star-7-6-balanced-101,star,balanced,7,6,580,20,720,222,24,24,24,24,24,24,2971,408,8,12,70,10,422,20374,408,420,3,0.015588946,0.014706862,0.080368958,0.527559643,0.002943694,0.669520435,0.669657263,99116,True,True
star-7-6-balanced-202,star,balanced,7,6,580,20,720,300,12,12,12,12,12,36,4536,432,2,40,70,27,496,21003,432,420,2,0.019304079,0.014986609,0.103384573,0.540568131,0.002058546,0.71313929,0.713227579,99116,True,True
star-7-6-skewed-101,star,skewed,7,6,580,20,720,314,36,36,36,36,36,36,13480,748,21,23,70,37,891,29923,748,420,6,0.043621021,0.017878104,0.107078654,0.566780497,0.003393164,0.794760121,0.794823164,99244,True,True
star-7-6-skewed-202,star,skewed,7,6,580,20,720,350,18,18,18,18,18,36,6752,628,6,25,70,8,704,25552,628,420,3,0.024817297,0.016087729,0.110870522,0.53258636,0.002861121,0.724962821,0.725021071,99500,True,True
